This is pdfTeX, Version 3.141592653-2.6-1.40.29 (TeX Live 2026) (preloaded format=latex 2026.6.6)  25 JUL 2026 16:17
entering extended mode
 restricted \write18 enabled.
 %&-line parsing enabled.
**\makeatletter\def\HCode{\futurelet\HCode\HChar}\def\HChar{\ifx\HCode\def\HCod
e##1{\Link##1}\expandafter\HCode\else\expandafter\Link\fi}\def\Link#1.a.b.c.{\l
et\HCode\documentstyle\def\documentstyle{\let\documentstyle\HCode\expandafter\d
ef\csname tex4ht\endcsname{#1,html}\def\HCode####1{\documentstyle[tex4ht,}\@ifn
extchar[{\HCode}{\documentstyle[tex4ht]}}\RequirePackage[#1,html]{tex4ht}}\make
atother\HCode xhtml,2,charset=utf-8,html5.a.b.c.\input \detokenize{main.tex} > 
nul 2>&1
(c:/texlive/2026/texmf-dist/tex/generic/tex4ht/tex4ht.sty
version 2026-03-11-13:21
Package: tex4ht 
--------------------------------------
--- Note --- for _ at preamble, use the command line option `early_'
--------------------------------------
--------------------------------------
--- Note --- for ^ at preamble, use the command line option `early^'
--------------------------------------
\tmp:toks=\toks17
) (./main.tex (c:/texlive/2026/texmf-dist/tex/generic/tex4ht/usepackage.4ht
version 2026-05-14-12:45
) (c:/texlive/2026/texmf-dist/tex/latex/base/article.cls
Document Class: article 2025/01/22 v1.4n Standard LaTeX document class
(c:/texlive/2026/texmf-dist/tex/latex/base/size10.clo
File: size10.clo 2025/01/22 v1.4n Standard LaTeX file (size option)
)
\c@part=\count276
\c@section=\count277
\c@subsection=\count278
\c@subsubsection=\count279
\c@paragraph=\count280
\c@subparagraph=\count281
\c@figure=\count282
\c@table=\count283
\abovecaptionskip=\skip49
\belowcaptionskip=\skip50
\bibindent=\dimen150
) (./Userpackages.tex (c:/texlive/2026/texmf-dist/tex/latex/base/inputenc.sty
Package: inputenc 2024/02/08 v1.3d Input encoding file
\inpenc@prehook=\toks18
\inpenc@posthook=\toks19
) (c:/texlive/2026/texmf-dist/tex/latex/base/fontenc.sty
Package: fontenc 2025/07/18 v2.1d Standard LaTeX package
) (c:/texlive/2026/texmf-dist/tex/latex/lm/lmodern.sty
Package: lmodern 2015/05/01 v1.6.1 Latin Modern Fonts
LaTeX Font Info:    Overwriting symbol font `operators' in version `normal'
(Font)                  OT1/cmr/m/n --> OT1/lmr/m/n on input line 22.
LaTeX Font Info:    Overwriting symbol font `letters' in version `normal'
(Font)                  OML/cmm/m/it --> OML/lmm/m/it on input line 23.
LaTeX Font Info:    Overwriting symbol font `symbols' in version `normal'
(Font)                  OMS/cmsy/m/n --> OMS/lmsy/m/n on input line 24.
LaTeX Font Info:    Overwriting symbol font `largesymbols' in version `normal'
(Font)                  OMX/cmex/m/n --> OMX/lmex/m/n on input line 25.
LaTeX Font Info:    Overwriting symbol font `operators' in version `bold'
(Font)                  OT1/cmr/bx/n --> OT1/lmr/bx/n on input line 26.
LaTeX Font Info:    Overwriting symbol font `letters' in version `bold'
(Font)                  OML/cmm/b/it --> OML/lmm/b/it on input line 27.
LaTeX Font Info:    Overwriting symbol font `symbols' in version `bold'
(Font)                  OMS/cmsy/b/n --> OMS/lmsy/b/n on input line 28.
LaTeX Font Info:    Overwriting symbol font `largesymbols' in version `bold'
(Font)                  OMX/cmex/m/n --> OMX/lmex/m/n on input line 29.
LaTeX Font Info:    Overwriting math alphabet `\mathbf' in version `normal'
(Font)                  OT1/cmr/bx/n --> OT1/lmr/bx/n on input line 31.
LaTeX Font Info:    Overwriting math alphabet `\mathsf' in version `normal'
(Font)                  OT1/cmss/m/n --> OT1/lmss/m/n on input line 32.
LaTeX Font Info:    Overwriting math alphabet `\mathit' in version `normal'
(Font)                  OT1/cmr/m/it --> OT1/lmr/m/it on input line 33.
LaTeX Font Info:    Overwriting math alphabet `\mathtt' in version `normal'
(Font)                  OT1/cmtt/m/n --> OT1/lmtt/m/n on input line 34.
LaTeX Font Info:    Overwriting math alphabet `\mathbf' in version `bold'
(Font)                  OT1/cmr/bx/n --> OT1/lmr/bx/n on input line 35.
LaTeX Font Info:    Overwriting math alphabet `\mathsf' in version `bold'
(Font)                  OT1/cmss/bx/n --> OT1/lmss/bx/n on input line 36.
LaTeX Font Info:    Overwriting math alphabet `\mathit' in version `bold'
(Font)                  OT1/cmr/bx/it --> OT1/lmr/bx/it on input line 37.
LaTeX Font Info:    Overwriting math alphabet `\mathtt' in version `bold'
(Font)                  OT1/cmtt/m/n --> OT1/lmtt/m/n on input line 38.
) (c:/texlive/2026/texmf-dist/tex/generic/tex4ht/babel-sty-hooks.4ht
version 2024-06-20-13:26
) (c:/texlive/2026/texmf-dist/tex/generic/babel/babel.sty
Package: babel 2026/05/20 v26.8 The multilingual framework for LuaLaTeX, pdfLaT
eX and XeLaTeX
\babel@savecnt=\count284
LaTeX Encoding Info:    Redeclaring text command \ij (encoding OT1) on input li
ne 2084.
LaTeX Encoding Info:    Redeclaring text command \IJ (encoding OT1) on input li
ne 2086.
LaTeX Encoding Info:    Redeclaring text command \ij (encoding T1) on input lin
e 2088.
LaTeX Encoding Info:    Redeclaring text command \IJ (encoding T1) on input lin
e 2089.
LaTeX Encoding Info:    Ignoring declaration for text command \ij (encoding ?) 
on input line 2090.
LaTeX Encoding Info:    Ignoring declaration for text command \IJ (encoding ?) 
on input line 2092.
LaTeX Encoding Info:    Ignoring declaration for text command \SS (encoding ?) 
on input line 2117.
\U@D=\dimen151
\l@unhyphenated=\language91
(c:/texlive/2026/texmf-dist/tex/generic/babel/txtbabel.def)
\bbl@readstream=\read2
\bbl@dirlevel=\count285
(c:/texlive/2026/texmf-dist/tex/generic/babel/locale/en/babel-english.tex)
Package babel Info: Importing font and identification data for english
(babel)             from babel-en.ini. Reported on input line 4356.
(c:/texlive/2026/texmf-dist/tex/generic/babel-english/english.ldf
Language: english 2017/06/06 v3.3r English support from the babel system
Package babel Info: Hyphen rules for 'canadian' set to \l@english
(babel)             (\language0). Reported on input line 102.
Package babel Info: Hyphen rules for 'australian' set to \l@ukenglish
(babel)             (\language22). Reported on input line 105.
Package babel Info: Hyphen rules for 'newzealand' set to \l@ukenglish
(babel)             (\language22). Reported on input line 108.
)) (c:/texlive/2026/texmf-dist/tex/latex/csquotes/csquotes.sty
Package: csquotes 2026-05-19 v5.2p context-sensitive quotations (JAW)
(c:/texlive/2026/texmf-dist/tex/latex/etoolbox/etoolbox.sty
Package: etoolbox 2025/10/02 v2.5m e-TeX tools for LaTeX (JAW)
\etb@tempcnta=\count286
) (c:/texlive/2026/texmf-dist/tex/latex/graphics/keyval.sty
Package: keyval 2026-05-17 v1.15 key=value parser (DPC)
\KV@toks@=\toks20
)
\csq@reset=\count287
\csq@gtype=\count288
\csq@glevel=\count289
\csq@qlevel=\count290
\csq@maxlvl=\count291
\csq@tshold=\count292
\csq@ltx@everypar=\toks21
(c:/texlive/2026/texmf-dist/tex/latex/csquotes/csquotes.def
File: csquotes.def 2026-05-19 v5.2p csquotes generic definitions (JAW)
)
Package csquotes Info: Trying to load configuration file 'csquotes.cfg'...
Package csquotes Info: ... configuration file loaded successfully.
(c:/texlive/2026/texmf-dist/tex/latex/csquotes/csquotes.cfg
File: csquotes.cfg 
)) (c:/texlive/2026/texmf-dist/tex/generic/soul/soul.sty
Package: soul 2026-03-06 v3.2 Permit use of UTF-8 characters in soul (HO)
(c:/texlive/2026/texmf-dist/tex/generic/soul/soul-ori.sty
Package: soul-ori 2026-03-06 v3.2 letterspacing/underlining (mf)
\SOUL@word=\toks22
\SOUL@lasttoken=\toks23
\SOUL@syllable=\toks24
\SOUL@cmds=\toks25
\SOUL@buffer=\toks26
\SOUL@token=\toks27
\SOUL@syllgoal=\dimen152
\SOUL@syllwidth=\dimen153
\SOUL@charkern=\dimen154
\SOUL@hyphkern=\dimen155
\SOUL@dimen=\dimen156
\SOUL@dimeni=\dimen157
\SOUL@minus=\count293
\SOUL@comma=\count294
\SOUL@apo=\count295
\SOUL@grave=\count296
\SOUL@spaceskip=\skip51
\SOUL@ttwidth=\dimen158
\SOUL@uldp=\dimen159
\SOUL@ulht=\dimen160
) (c:/texlive/2026/texmf-dist/tex/generic/infwarerr/infwarerr.sty
Package: infwarerr 2019/12/03 v1.5 Providing info/warning/error messages (HO)
) (c:/texlive/2026/texmf-dist/tex/generic/etexcmds/etexcmds.sty
Package: etexcmds 2019/12/15 v1.7 Avoid name clashes with e-TeX commands (HO)
(c:/texlive/2026/texmf-dist/tex/generic/iftex/iftex.sty
Package: iftex 2024/12/12 v1.0g TeX engine tests
))) (c:/texlive/2026/texmf-dist/tex/latex/glossaries/base/glossaries.sty
Package: glossaries 2026/04/21 v5.1 (NLCT)
(c:/texlive/2026/texmf-dist/tex/latex/base/ifthen.sty
Package: ifthen 2024/03/16 v1.1e Standard LaTeX ifthen package (DPC)
) (c:/texlive/2026/texmf-dist/tex/latex/xkeyval/xkeyval.sty
Package: xkeyval 2025/11/04 v2.10 package option processing (HA)
(c:/texlive/2026/texmf-dist/tex/generic/xkeyval/xkeyval.tex (c:/texlive/2026/te
xmf-dist/tex/generic/xkeyval/xkvutils.tex
\XKV@toks=\toks28
\XKV@tempa@toks=\toks29
\XKV@tempb@toks=\toks30
)
\XKV@depth=\count297
File: xkeyval.tex 2014/12/03 v2.7a key=value parser (HA)
)) (c:/texlive/2026/texmf-dist/tex/latex/mfirstuc/mfirstuc.sty
Package: mfirstuc 2025/04/03 v2.09 (NLCT)
\@glsmfirst=\toks31
\@glsmrest=\toks32
) (c:/texlive/2026/texmf-dist/tex/latex/xfor/xfor.sty
Package: xfor 2009/02/05 v1.05 (NLCT)
) (c:/texlive/2026/texmf-dist/tex/latex/amsmath/amsgen.sty
File: amsgen.sty 1999/11/30 v2.0 generic functions
\@emptytoks=\toks33
\ex@=\dimen161
) (c:/texlive/2026/texmf-dist/tex/latex/tracklang/tracklang.sty
Package: tracklang 2026/05/24 v1.6.8 (NLCT) Track Languages
(c:/texlive/2026/texmf-dist/tex/generic/tracklang/tracklang.tex)
Package tracklang Info: Tracking dialect `english' (language `english') on inpu
t line 264.
Package tracklang Info: Tracking dialect `english' (language `english') on inpu
t line 264.
) (c:/texlive/2026/texmf-dist/tex/latex/translator/translator.sty
Package: translator 2021-05-31 v1.12d Easy translation of strings in LaTeX
)
(c:/texlive/2026/texmf-dist/tex/latex/glossaries-english/glossaries-english.ldf
File: glossaries-english.ldf 2014/11/23 v1.0
) (c:/texlive/2026/texmf-dist/tex/latex/datatool/datatool-base.sty
Package: datatool-base 2025/12/04 v3.4.3 (NLCT)
(c:/texlive/2026/texmf-dist/tex/latex/amsmath/amsmath.sty
Package: amsmath 2026/05/19 v2.18d AMS math features
\@mathmargin=\skip52
For additional information on amsmath, use the `?' option.
(c:/texlive/2026/texmf-dist/tex/latex/amsmath/amstext.sty
Package: amstext 2024/11/17 v2.01 AMS text
) (c:/texlive/2026/texmf-dist/tex/latex/amsmath/amsbsy.sty
Package: amsbsy 1999/11/29 v1.2d Bold Symbols
\pmbraise@=\dimen162
) (c:/texlive/2026/texmf-dist/tex/latex/amsmath/amsopn.sty
Package: amsopn 2022/04/08 v2.04 operator names
)
\inf@bad=\count298
LaTeX Info: Redefining \frac on input line 233.
\uproot@=\count299
\leftroot@=\count300
LaTeX Info: Redefining \overline on input line 398.
LaTeX Info: Redefining \colon on input line 409.
\classnum@=\count301
\DOTSCASE@=\count302
LaTeX Info: Redefining \ldots on input line 495.
LaTeX Info: Redefining \dots on input line 498.
LaTeX Info: Redefining \cdots on input line 619.
\Mathstrutbox@=\box53
\strutbox@=\box54
LaTeX Info: Redefining \big on input line 721.
LaTeX Info: Redefining \Big on input line 722.
LaTeX Info: Redefining \bigg on input line 723.
LaTeX Info: Redefining \Bigg on input line 724.
\big@size=\dimen163
LaTeX Font Info:    Redeclaring font encoding OML on input line 742.
LaTeX Font Info:    Redeclaring font encoding OMS on input line 743.
\macc@depth=\count303
LaTeX Info: Redefining \bmod on input line 904.
LaTeX Info: Redefining \pmod on input line 909.
LaTeX Info: Redefining \smash on input line 939.
LaTeX Info: Redefining \relbar on input line 969.
LaTeX Info: Redefining \Relbar on input line 970.
\c@MaxMatrixCols=\count304
\dotsspace@=\muskip17
\c@parentequation=\count305
\dspbrk@lvl=\count306
\tag@help=\toks34
\row@=\count307
\column@=\count308
\maxfields@=\count309
\andhelp@=\toks35
\eqnshift@=\dimen164
\alignsep@=\dimen165
\tagshift@=\dimen166
\tagwidth@=\dimen167
\totwidth@=\dimen168
\lineht@=\dimen169
\@envbody=\toks36
\multlinegap=\skip53
\multlinetaggap=\skip54
\mathdisplay@stack=\toks37
LaTeX Info: Redefining \[ on input line 2965.
LaTeX Info: Redefining \] on input line 2966.
)
\l__datatool_tmpa_int=\count310
\l__datatool_tmpb_int=\count311
\l__datatool_tmpc_int=\count312
\l__datatool_tmpd_int=\count313
\l__datatool_count_int=\count314
\l__datatool_tmp_datatype_int=\count315
\l__datatool_tmpa_dim=\dimen170
\l__datatool_tmpb_dim=\dimen171
(c:/texlive/2026/texmf-dist/tex/latex/datatool/datatool-l3fp.def
File: datatool-l3fp.def 2025/12/04 v3.4.3 (NLCT)
)
\@dtl@toks=\toks38
\@dtl@tmpcount=\count316
\dtl@tmplength=\skip55
\l__datatool_measure_box=\box55
\dtl@sortresult=\count317
(c:/texlive/2026/texmf-dist/tex/latex/datatool/datatool-utf8.ldf
File: datatool-utf8.ldf 2025/12/04 v3.4.3 (NLCT)
)
\@dtl@datatype=\count318
\c_datatool_unknown_int=\count319
\l__datatool_year_int=\count320
\l__datatool_month_int=\count321
\l__datatool_day_int=\count322
\l__datatool_hour_int=\count323
\l__datatool_minute_int=\count324
\l__datatool_second_int=\count325
\l__datatool_tzhour_int=\count326
\l__datatool_tzminute_int=\count327
\l__datatool_julian_int=\count328
\l__datatool_local_julian_int=\count329
\l__datatool_prefix_int=\count330
\l__datatool_suffix_int=\count331
\@dtl@foreach@level=\count332
(c:/texlive/2026/texmf-dist/tex/latex/datatool-english/datatool-english.ldf
File: datatool-english.ldf 2025/03/12 v1.1 (NLCT)

(c:/texlive/2026/texmf-dist/tex/latex/datatool-english/datatool-english-utf8.ld
f
File: datatool-english-utf8.ldf 2025/03/12 v1.1 (NLCT)
))
\dtl@codeA=\count333
\dtl@codeB=\count334
)
\gls@level=\count335
\@gls@tmpb=\toks39
\gls@tmplen=\skip56
\l__glossaries_tmpa_dim=\dimen172
\l__glossaries_tmpb_dim=\dimen173
\glskeylisttok=\toks40
\glslabeltok=\toks41
\glsshorttok=\toks42
\glslongtok=\toks43
(c:/texlive/2026/texmf-dist/tex/latex/glossaries/styles/glossary-hypernav.sty
Package: glossary-hypernav 2026/04/21 v5.1 (NLCT)
) (c:/texlive/2026/texmf-dist/tex/latex/glossaries/styles/glossary-list.sty
Package: glossary-list 2026/04/21 v5.1 (NLCT)
\glslistdottedwidth=\skip57
) (c:/texlive/2026/texmf-dist/tex/latex/glossaries/styles/glossary-long.sty
Package: glossary-long 2026/04/21 v5.1 (NLCT)
(c:/texlive/2026/texmf-dist/tex/latex/tools/longtable.sty
Package: longtable 2026-01-28 v4.27 Multi-page Table package (DPC)
\LTleft=\skip58
\LTright=\skip59
\LTpre=\skip60
\LTpost=\skip61
\LTchunksize=\count336
\LTcapwidth=\dimen174
\LT@head=\box56
\LT@firsthead=\box57
\LT@foot=\box58
\LT@lastfoot=\box59
\LT@gbox=\box60
\LT@cols=\count337
\LT@rows=\count338
\c@LT@tables=\count339
\c@LT@chunks=\count340
\LT@p@ftn=\toks44
)
\glsdescwidth=\skip62
\glspagelistwidth=\skip63
) (c:/texlive/2026/texmf-dist/tex/latex/glossaries/styles/glossary-super.sty
Package: glossary-super 2026/04/21 v5.1 (NLCT)
(c:/texlive/2026/texmf-dist/tex/latex/supertabular/supertabular.sty
Package: supertabular 2025/06/26 v4.2d the supertabular environment
\c@tracingst=\count341
\ST@wd=\dimen175
\ST@rightskip=\skip64
\ST@leftskip=\skip65
\ST@parfillskip=\skip66
\ST@pageleft=\dimen176
\ST@headht=\dimen177
\ST@tailht=\dimen178
\ST@pagesofar=\dimen179
\ST@pboxht=\dimen180
\ST@rowht=\dimen181
\ST@prevht=\dimen182
\ST@toadd=\dimen183
\ST@dimen=\dimen184
\ST@pbox=\box61
)) (c:/texlive/2026/texmf-dist/tex/latex/glossaries/styles/glossary-tree.sty
Package: glossary-tree 2026/04/21 v5.1 (NLCT)
\l__glossaries_tree_max_known_level_int=\count342
\l__glossaries_tree_offset_dim=\dimen185
\l__glossaries_tree_namewidth_dim=\dimen186
\l__glossaries_tree_symbolwidth_dim=\dimen187
\l__glossaries_tree_prenamesym_width_dim=\dimen188
\l__glossaries_tree_presubnamesym_width_dim=\dimen189
\l__glossaries_tree_namewidth_padding_dim=\dimen190
\l__glossaries_tree_symbolwidth_padding_dim=\dimen191
\l__glossaries_tree_namesymbolwidth_dim=\dimen192
\l__glossaries_tree_namesymbolwidth_padding_dim=\dimen193
\l__glossaries_tree_level_int=\count343
\glstreeindent=\skip67
)) (c:/texlive/2026/texmf-dist/tex/latex/siunitx/siunitx.sty
Package: siunitx 2026-05-15 v3.5.5 A comprehensive (SI) units package
\l__siunitx_number_uncert_offset_int=\count344
\l__siunitx_number_exponent_fixed_int=\count345
\l__siunitx_number_min_decimal_int=\count346
\l__siunitx_number_min_integer_int=\count347
\l__siunitx_number_round_precision_int=\count348
\l__siunitx_number_lower_threshold_int=\count349
\l__siunitx_number_upper_threshold_int=\count350
\l__siunitx_number_group_first_int=\count351
\l__siunitx_number_group_size_int=\count352
\l__siunitx_number_group_min_int=\count353
\l__siunitx_number_group_minimum_int=\count354
\l__siunitx_compound_count_int=\count355
(c:/texlive/2026/texmf-dist/tex/latex/translations/translations.sty
Package: translations 2022/02/05 v1.12 internationalization of LaTeX2e packages
 (CN)
(c:/texlive/2026/texmf-dist/tex/generic/pdftexcmds/pdftexcmds.sty
Package: pdftexcmds 2020-06-27 v0.33 Utility functions of pdfTeX for LuaTeX (HO
)
(c:/texlive/2026/texmf-dist/tex/generic/ltxcmds/ltxcmds.sty
Package: ltxcmds 2023-12-04 v1.26 LaTeX kernel commands for general use (HO)
)
Package pdftexcmds Info: \pdf@primitive is available.
Package pdftexcmds Info: \pdf@ifprimitive is available.
Package pdftexcmds Info: \pdfdraftmode is ignored in DVI mode.
))
\l__siunitx_table_tmp_box=\box62
\l__siunitx_table_tmp_dim=\dimen194
\l__siunitx_table_column_width_dim=\dimen195
\l__siunitx_table_integer_box=\box63
\l__siunitx_table_decimal_box=\box64
\l__siunitx_table_uncert_box=\box65
\l__siunitx_table_before_box=\box66
\l__siunitx_table_after_box=\box67
\l__siunitx_table_before_dim=\dimen196
\l__siunitx_table_carry_dim=\dimen197
\l__siunitx_unit_tmp_int=\count356
\l__siunitx_unit_position_int=\count357
\l__siunitx_unit_total_int=\count358
\l__siunitx_sexagesimal_tmp_dim=\dimen198
\l__siunitx_sexagesimal_marker_box=\box68
\l__siunitx_sexagesimal_unit_box=\box69
(c:/texlive/2026/texmf-dist/tex/latex/tools/array.sty
Package: array 2026/02/24 v2.7b Tabular extension package (FMi)
\col@sep=\dimen199
\ar@mcellbox=\box70
\extrarowheight=\dimen256
\NC@list=\toks45
\extratabsurround=\skip68
\backup@length=\skip69
\ar@cellbox=\box71
)) (c:/texlive/2026/texmf-dist/tex/generic/tex4ht/xcolor-hooks.4ht
version 2020-10-17-13:53
) (c:/texlive/2026/texmf-dist/tex/latex/xcolor/xcolor.sty
Package: xcolor 2024/09/29 v3.02 LaTeX color extensions (UK)
(c:/texlive/2026/texmf-dist/tex/latex/graphics-cfg/color.cfg
File: color.cfg 2016/01/02 v1.6 sample color configuration
)
Package xcolor Info: Driver file: dvips.def on input line 274.
(c:/texlive/2026/texmf-dist/tex/latex/graphics-def/dvips.def
File: dvips.def 2025/01/21 v3.2a Graphics/color driver for dvips
) (c:/texlive/2026/texmf-dist/tex/latex/graphics/mathcolor.ltx)
Package xcolor Info: Model `cmy' substituted by `cmy0' on input line 1349.
Package xcolor Info: Model `RGB' extended on input line 1365.
Package xcolor Info: Model `HTML' substituted by `rgb' on input line 1367.
Package xcolor Info: Model `Hsb' substituted by `hsb' on input line 1368.
Package xcolor Info: Model `tHsb' substituted by `hsb' on input line 1369.
Package xcolor Info: Model `HSB' substituted by `hsb' on input line 1370.
Package xcolor Info: Model `Gray' substituted by `gray' on input line 1371.
Package xcolor Info: Model `wave' substituted by `hsb' on input line 1372.
) (c:/texlive/2026/texmf-dist/tex/generic/tex4ht/colortbl-hooks.4ht
version 2024-09-30-13:40
) (c:/texlive/2026/texmf-dist/tex/latex/colortbl/colortbl.sty
Package: colortbl 2026/05/01 v1.0l Color table columns (DPC)
new hooks used!!
\minrowclearance=\skip70
\rownum=\count359
) (c:/texlive/2026/texmf-dist/tex/generic/tex4ht/caption-hooks.4ht
version 2022-11-20-07:09
) (c:/texlive/2026/texmf-dist/tex/latex/caption/caption.sty
Package: caption 2023/08/05 v3.6o Customizing captions (AR)
(c:/texlive/2026/texmf-dist/tex/latex/caption/caption3.sty
Package: caption3 2023/07/31 v2.4d caption3 kernel (AR)
\caption@tempdima=\dimen257
\captionmargin=\dimen258
\caption@leftmargin=\dimen259
\caption@rightmargin=\dimen260
\caption@width=\dimen261
\caption@indent=\dimen262
\caption@parindent=\dimen263
\caption@hangindent=\dimen264
Package caption Info: Standard document class detected.
)
\c@caption@flags=\count360
\c@continuedfloat=\count361
Package caption Info: longtable package is loaded.
(c:/texlive/2026/texmf-dist/tex/latex/caption/ltcaption.sty
Package: ltcaption 2021/01/08 v1.4c longtable captions (AR)
)
Package caption Info: supertabular package is loaded.
) (c:/texlive/2026/texmf-dist/tex/latex/multirow/multirow.sty
Package: multirow 2024/11/12 v2.9 Span multiple rows of a table
\multirow@colwidth=\skip71
\multirow@cntb=\count362
\multirow@dima=\skip72
\bigstrutjot=\dimen265
) (c:/texlive/2026/texmf-dist/tex/latex/tabularray/tabularray.sty
Package: tabularray 2025-11-27 v2025C Typeset tabulars and arrays with LaTeX3
(c:/texlive/2026/texmf-dist/tex/latex/ninecolors/ninecolors.sty
Package: ninecolors 2022-02-13 v2022D Select colors with proper color contrast
(c:/texlive/2026/texmf-dist/tex/generic/tex4ht/xcolor-hooks.4ht
version2020-10-17-13:53
) (c:/texlive/2026/texmf-dist/tex/latex/l3packages/xparse/xparse.sty (c:/texliv
e/2026/texmf-dist/tex/generic/tex4ht/expl3-hooks.4ht
version 2020-10-17-13:53
) (c:/texlive/2026/texmf-dist/tex/latex/l3kernel/expl3.sty
Package: expl3 2026-05-26 L3 programming layer (loader) 
(c:/texlive/2026/texmf-dist/tex/latex/l3backend/l3backend-dvips.def
File: l3backend-dvips.def 2026-02-18 L3 backend support: dvips
\l__pdfannot_backend_content_box=\box72
\l__pdfannot_backend_model_box=\box73
\g__pdfannot_backend_int=\count363
\g__pdfannot_backend_link_int=\count364
\g__pdfannot_backend_link_sf_int=\count365
))
Package: xparse 2025-10-09 L3 Experimental document command parser
))
\g__tblr_nohyper_int=\count366
\l__tblr_a_int=\count367
\l__tblr_c_int=\count368
\l__tblr_r_int=\count369
\l__tblr_d_dim=\dimen266
\l__tblr_h_dim=\dimen267
\l__tblr_o_dim=\dimen268
\l__tblr_p_dim=\dimen269
\l__tblr_q_dim=\dimen270
\l__tblr_r_dim=\dimen271
\l__tblr_s_dim=\dimen272
\l__tblr_t_dim=\dimen273
\l__tblr_v_dim=\dimen274
\l__tblr_w_dim=\dimen275
\l__tblr_a_box=\box74
\l__tblr_b_box=\box75
\l__tblr_c_box=\box76
\l__tblr_d_box=\box77
\c@tblrcount=\count370
\c@colnum=\count371
\c@rowcount=\count372
\c@colcount=\count373
\abovesep=\dimen276
\belowsep=\dimen277
\leftsep=\dimen278
\rightsep=\dimen279
\gTblrLevelInt=\count374
\g__tblr_data_row_key_count_int=\count375
\g__tblr_data_column_key_count_int=\count376
\g__tblr_data_cell_key_count_int=\count377
\g__tblr_array_int=\count378
\l__tblr_key_count_int=\count379
\l__tblr_key_quotient_int=\count380
\l__tblr_key_quotient_two_int=\count381
\l__tblr_key_remainder_int=\count382
\g__tblr_data_str_value_count_int=\count383
\lTblrChildTotalInt=\count384
\lTblrChildHtotalInt=\count385
\lTblrChildVtotalInt=\count386
\l__child_diff_h_int=\count387
\l__child_diff_v_int=\count388
\l__child_sign_h_int=\count389
\l__child_sign_v_int=\count390
\l__child_step_int=\count391
\lTblrDefaultHruleWidthDim=\dimen280
\lTblrDefaultVruleWidthDim=\dimen281
\l__tblr_split_balance_int=\count392
\l__tblr_strut_dp_dim=\dimen282
\l__tblr_strut_ht_dim=\dimen283
\g__tblr_cell_wd_dim=\dimen284
\g__tblr_cell_ht_dim=\dimen285
\g__tblr_cell_head_dim=\dimen286
\g__tblr_cell_foot_dim=\dimen287
\l__tblr_measured_cell_box=\box78
\g__tblr_last_box=\box79
\l__tblr_temp_box=\box80
\l__tblr_column_target_dim=\dimen288
\l__tblr_hfuzz_dim=\dimen289
\l__tblr_caption_box=\box81
\l__tblr_caption_left_box=\box82
\lTblrRowHeadInt=\count393
\lTblrRowFootInt=\count394
\l__tblr_row_head_box=\box83
\l__tblr_row_foot_box=\box84
\l__tblr_row_head_foot_dim=\dimen290
\lTblrTableWidthDim=\dimen291
\l__tblr_table_firsthead_box=\box85
\l__tblr_table_middlehead_box=\box86
\l__tblr_table_lasthead_box=\box87
\l__tblr_table_firstfoot_box=\box88
\l__tblr_table_middlefoot_box=\box89
\l__tblr_table_lastfoot_box=\box90
\l__tblr_remain_height_dim=\dimen292
\l__tblr_next_rows_dim=\dimen293
\l__tblr_page_overfill_dim=\dimen294
\l__tblr_long_from_int=\count395
\l__tblr_long_to_int=\count396
\l__tblr_curr_i_int=\count397
\l__tblr_prev_i_int=\count398
\lTblrTablePageInt=\count399
\l__tblr_table_head_box=\box91
\l__tblr_table_foot_box=\box92
\l__tblr_table_head_foot_dim=\dimen295
\l__tblr_table_head_body_foot_dim=\dimen296
\l__tblr_table_box=\box93
\lTblrRowFirstInt=\count400
\lTblrRowLastInt=\count401
\l__tblr_cover_box_a_dim=\dimen297
\l__tblr_cover_box_b_dim=\dimen298
\l__tblr_table_hlines_box=\box94
\l__tblr_hline_box=\box95
\l__tblr_row_box=\box96
\l__tblr_col_o_wd_dim=\dimen299
\l__tblr_col_b_wd_dim=\dimen300
\l__tblr_hline_leftskip_dim=\dimen301
\l__tblr_hline_rightskip_dim=\dimen302
\l__tblr_row_ht_dim=\dimen303
\l__tblr_row_dp_dim=\dimen304
\l__tblr_row_abovesep_dim=\dimen305
\l__tblr_row_belowsep_dim=\dimen306
\l__tblr_row_vlines_box=\box97
\l__tblr_vline_box=\box98
\l__tblr_cell_box=\box99
\l__tblr_row_upper_dim=\dimen307
\l__tblr_row_lower_dim=\dimen308
\l__tblr_row_vpace_dim=\dimen309
\l__tblr_vline_aboveskip_dim=\dimen310
\l__tblr_vline_belowskip_dim=\dimen311
\lTblrCellRowSpanInt=\count402
\lTblrCellColSpanInt=\count403
\l__tblr_cell_wd_dim=\dimen312
\l__tblr_cell_ht_dim=\dimen313
\lTblrCellAboveBorderWidthDim=\dimen314
\lTblrCellBelowBorderWidthDim=\dimen315
\lTblrCellLeftBorderWidthDim=\dimen316
\lTblrCellRightBorderWidthDim=\dimen317
\l__tblr_diag_box=\box100
\l__tblr_cell_inner_wd_dim=\dimen318
\l__tblr_cell_inner_dp_dim=\dimen319
\l__tblr_cell_hanchor_dim=\dimen320
\l__tblr_last_cell_table_ht_dim=\dimen321
\l__tblr_last_cell_table_dp_dim=\dimen322
\l__tblr_last_vline_wd_dim=\dimen323
\l__tblr_tikz_node_box=\box101
) (c:/texlive/2026/texmf-dist/tex/generic/tex4ht/colortbl-hooks.4ht
version 2024-09-30-13:40
) (c:/texlive/2026/texmf-dist/tex/latex/graphics/graphicx.sty
Package: graphicx 2026-05-17 v1.2e Enhanced LaTeX Graphics (DPC,SPQR)
(c:/texlive/2026/texmf-dist/tex/generic/tex4ht/graphics-hooks.4ht
version 2022-08-17-14:25
) (c:/texlive/2026/texmf-dist/tex/latex/graphics/graphics.sty
Package: graphics 2026-05-17 v1.4h Standard LaTeX Graphics (DPC,SPQR)
(c:/texlive/2026/texmf-dist/tex/latex/graphics/trig.sty
Package: trig 2023/12/02 v1.11 sin cos tan (DPC)
) (c:/texlive/2026/texmf-dist/tex/latex/graphics-cfg/graphics.cfg
File: graphics.cfg 2016/06/04 v1.11 sample graphics configuration
)
Package graphics Info: Driver file: dvips.def on input line 106.
)
\Gin@req@height=\dimen324
\Gin@req@width=\dimen325
) (c:/texlive/2026/texmf-dist/tex/latex/graphics/rotating.sty
Package: rotating 2026-05-17 v2.16e rotated objects in LaTeX
\c@r@tfl@t=\count404
\rotFPtop=\skip73
\rotFPbot=\skip74
\rot@float@box=\box102
\rot@mess@toks=\toks46
) (c:/texlive/2026/texmf-dist/tex/latex/caption/subcaption.sty
Package: subcaption 2023/07/28 v1.6b Sub-captions (AR)
(c:/texlive/2026/texmf-dist/tex/generic/tex4ht/caption-hooks.4ht
version 2022-11-20-07:09
)
Package caption Info: New subtype `subfigure' on input line 238.
\c@subfigure=\count405
Package caption Info: New subtype `subtable' on input line 238.
\c@subtable=\count406
) (c:/texlive/2026/texmf-dist/tex/latex/wrapfig/wrapfig.sty
\wrapoverhang=\dimen326
\WF@size=\dimen327
\c@WF@wrappedlines=\count407
\WF@box=\box103
\WF@everypar=\toks47
Package: wrapfig 2003/01/31  v 3.6
) (c:/texlive/2026/texmf-dist/tex/latex/geometry/geometry.sty
Package: geometry 2026/03/07 v6.0 Page Geometry
(c:/texlive/2026/texmf-dist/tex/generic/iftex/ifvtex.sty
Package: ifvtex 2019/10/25 v1.7 ifvtex legacy package. Use iftex instead.
)
\Gm@cnth=\count408
\Gm@cntv=\count409
\c@Gm@tempcnt=\count410
\Gm@bindingoffset=\dimen328
\Gm@wd@mp=\dimen329
\Gm@odd@mp=\dimen330
\Gm@even@mp=\dimen331
\Gm@layoutwidth=\dimen332
\Gm@layoutheight=\dimen333
\Gm@layouthoffset=\dimen334
\Gm@layoutvoffset=\dimen335
\Gm@dimlist=\toks48
) (c:/texlive/2026/texmf-dist/tex/latex/setspace/setspace.sty
Package: setspace 2022/12/04 v6.7b set line spacing
) (c:/texlive/2026/texmf-dist/tex/generic/tex4ht/titlesec-hooks.4ht
version 2023-04-03-14:42
) (c:/texlive/2026/texmf-dist/tex/latex/titlesec/titlesec.sty
Package: titlesec 2025/01/04 v2.17 Sectioning titles
\ttl@box=\box104
\beforetitleunit=\skip75
\aftertitleunit=\skip76
\ttl@plus=\dimen336
\ttl@minus=\dimen337
\ttl@toksa=\toks49
\titlewidth=\dimen338
\titlewidthlast=\dimen339
\titlewidthfirst=\dimen340
) (c:/texlive/2026/texmf-dist/tex/latex/preprint/fullpage.sty
Package: fullpage 1999/02/23 1.1 (PWD)
\FP@margin=\skip77
) (c:/texlive/2026/texmf-dist/tex/generic/tex4ht/hyperref-hooks.4ht
version 2023-09-17-08:01
) (c:/texlive/2026/texmf-dist/tex/latex/hyperref/hyperref.sty
Package: hyperref 2026-04-24 v7.01q Hypertext links for LaTeX
(c:/texlive/2026/texmf-dist/tex/latex/kvsetkeys/kvsetkeys.sty
Package: kvsetkeys 2022-10-05 v1.19 Key value parser (HO)
) (c:/texlive/2026/texmf-dist/tex/generic/kvdefinekeys/kvdefinekeys.sty
Package: kvdefinekeys 2019-12-19 v1.6 Define keys (HO)
) (c:/texlive/2026/texmf-dist/tex/generic/pdfescape/pdfescape.sty
Package: pdfescape 2019/12/09 v1.15 Implements pdfTeX's escape features (HO)
) (c:/texlive/2026/texmf-dist/tex/latex/hycolor/hycolor.sty
Package: hycolor 2020-01-27 v1.10 Color options for hyperref/bookmark (HO)
) (c:/texlive/2026/texmf-dist/tex/latex/hyperref/nameref.sty
Package: nameref 2026-01-29 v2.58 Cross-referencing by name of section
(c:/texlive/2026/texmf-dist/tex/latex/refcount/refcount.sty
Package: refcount 2019/12/15 v3.6 Data extraction from label references (HO)
) (c:/texlive/2026/texmf-dist/tex/generic/gettitlestring/gettitlestring.sty
Package: gettitlestring 2019/12/15 v1.6 Cleanup title references (HO)
(c:/texlive/2026/texmf-dist/tex/latex/kvoptions/kvoptions.sty
Package: kvoptions 2022-06-15 v3.15 Key value format for package options (HO)
))
\c@section@level=\count411
) (c:/texlive/2026/texmf-dist/tex/generic/stringenc/stringenc.sty
Package: stringenc 2019/11/29 v1.12 Convert strings between diff. encodings (HO
)
)
\@linkdim=\dimen341
\Hy@linkcounter=\count412
\Hy@pagecounter=\count413
(c:/texlive/2026/texmf-dist/tex/latex/hyperref/pd1enc.def
File: pd1enc.def 2026-04-24 v7.01q Hyperref: PDFDocEncoding definition (HO)
Now handling font encoding PD1 ...
... no UTF-8 mapping file for font encoding PD1
) (c:/texlive/2026/texmf-dist/tex/generic/intcalc/intcalc.sty
Package: intcalc 2019/12/15 v1.3 Expandable calculations with integers (HO)
)
\Hy@SavedSpaceFactor=\count414
(c:/texlive/2026/texmf-dist/tex/latex/hyperref/puenc.def
File: puenc.def 2026-04-24 v7.01q Hyperref: PDF Unicode definition (HO)
Now handling font encoding PU ...
... no UTF-8 mapping file for font encoding PU
)
Package hyperref Info: Option `colorlinks' set `true' on input line 4070.
Package hyperref Info: Option `colorlinks' set `true' on input line 4070.
Package hyperref Info: Hyper figures OFF on input line 4199.
Package hyperref Info: Link nesting OFF on input line 4204.
Package hyperref Info: Hyper index ON on input line 4207.
Package hyperref Info: Plain pages OFF on input line 4214.
Package hyperref Info: Backreferencing OFF on input line 4219.
Package hyperref Info: Implicit mode ON; LaTeX internals redefined.
Package hyperref Info: Bookmarks ON on input line 4466.
\c@Hy@tempcnt=\count415
(c:/texlive/2026/texmf-dist/tex/latex/url/url.sty
\Urlmuskip=\muskip18
Package: url 2013/09/16  ver 3.4  Verb mode for urls, etc.
)
LaTeX Info: Redefining \url on input line 4805.
\XeTeXLinkMargin=\dimen342
(c:/texlive/2026/texmf-dist/tex/generic/bitset/bitset.sty
Package: bitset 2019/12/09 v1.3 Handle bit-vector datatype (HO)
(c:/texlive/2026/texmf-dist/tex/generic/bigintcalc/bigintcalc.sty
Package: bigintcalc 2019/12/15 v1.5 Expandable calculations on big integers (HO
)
))
\Fld@menulength=\count416
\Field@Width=\dimen343
\Fld@charsize=\dimen344
\Field@toks=\toks50
Package hyperref Info: Hyper figures OFF on input line 6091.
Package hyperref Info: Link nesting OFF on input line 6096.
Package hyperref Info: Hyper index ON on input line 6099.
Package hyperref Info: backreferencing OFF on input line 6106.
Package hyperref Info: Link coloring ON on input line 6109.
Package hyperref Info: Link coloring with OCG OFF on input line 6116.
Package hyperref Info: PDF/A mode OFF on input line 6121.
\Hy@abspage=\count417

Package hyperref Message: Stopped early.

)
Package hyperref Info: Driver: htex4ht.
(c:/texlive/2026/texmf-dist/tex/latex/hyperref/htex4ht.def
File: htex4ht.def 2026-04-24 v7.01q Hyperref driver for TeX4ht
Package hyperref Info: tex4ht is already loaded.
)
Package hyperref Info: Option `colorlinks' set `true' on input line 46.
(c:/texlive/2026/texmf-dist/tex/generic/tex4ht/biblatex-hooks.4ht
version 2021-11-05-15:12
) (c:/texlive/2026/texmf-dist/tex/latex/biblatex/biblatex.sty
Package: biblatex 2025/07/10 v3.21 programmable bibliographies (PK/MW)
(c:/texlive/2026/texmf-dist/tex/latex/logreq/logreq.sty
Package: logreq 2010/08/04 v1.0 xml request logger
\lrq@indent=\count418
(c:/texlive/2026/texmf-dist/tex/latex/logreq/logreq.def
File: logreq.def 2010/08/04 v1.0 logreq spec v1.0
))
\c@tabx@nest=\count419
\c@listtotal=\count420
\c@listcount=\count421
\c@liststart=\count422
\c@liststop=\count423
\c@citecount=\count424
\c@citetotal=\count425
\c@multicitecount=\count426
\c@multicitetotal=\count427
\c@instcount=\count428
\c@maxnames=\count429
\c@minnames=\count430
\c@maxitems=\count431
\c@minitems=\count432
\c@citecounter=\count433
\c@maxcitecounter=\count434
\c@savedcitecounter=\count435
\c@uniquelist=\count436
\c@uniquename=\count437
\c@refsection=\count438
\c@refsegment=\count439
\c@maxextratitle=\count440
\c@maxextratitleyear=\count441
\c@maxextraname=\count442
\c@maxextradate=\count443
\c@maxextraalpha=\count444
\c@abbrvpenalty=\count445
\c@highnamepenalty=\count446
\c@lownamepenalty=\count447
\c@maxparens=\count448
\c@parenlevel=\count449
\blx@tempcnta=\count450
\blx@tempcntb=\count451
\blx@tempcntc=\count452
\c@blx@maxsection=\count453
\blx@maxsegment@0=\count454
\blx@notetype=\count455
\blx@parenlevel@text=\count456
\blx@parenlevel@foot=\count457
\blx@sectionciteorder@0=\count458
\blx@sectionciteorderinternal@0=\count459
\blx@entrysetcounter=\count460
\blx@biblioinstance=\count461
\labelnumberwidth=\skip78
\labelalphawidth=\skip79
\biblabelsep=\skip80
\bibitemsep=\skip81
\bibnamesep=\skip82
\bibinitsep=\skip83
\bibparsep=\skip84
\bibhang=\skip85
\blx@bcfin=\read3
\blx@bcfout=\write3
\blx@langwohyphens=\language92
\c@mincomprange=\count462
\c@maxcomprange=\count463
\c@mincompwidth=\count464
Package biblatex Info: Trying to load biblatex default data model...
Package biblatex Info: ... file 'blx-dm.def' found.
(c:/texlive/2026/texmf-dist/tex/latex/biblatex/blx-dm.def
File: blx-dm.def 2025/07/10 v3.21 biblatex datamodel (PK/MW)
)
Package biblatex Info: Trying to load biblatex style data model...
Package biblatex Info: ... file 'numeric.dbx' not found.
Package biblatex Info: Trying to load biblatex custom data model...
Package biblatex Info: ... file 'biblatex-dm.cfg' not found.
\c@afterword=\count465
\c@savedafterword=\count466
\c@annotator=\count467
\c@savedannotator=\count468
\c@author=\count469
\c@savedauthor=\count470
\c@bookauthor=\count471
\c@savedbookauthor=\count472
\c@commentator=\count473
\c@savedcommentator=\count474
\c@editor=\count475
\c@savededitor=\count476
\c@editora=\count477
\c@savededitora=\count478
\c@editorb=\count479
\c@savededitorb=\count480
\c@editorc=\count481
\c@savededitorc=\count482
\c@foreword=\count483
\c@savedforeword=\count484
\c@holder=\count485
\c@savedholder=\count486
\c@introduction=\count487
\c@savedintroduction=\count488
\c@namea=\count489
\c@savednamea=\count490
\c@nameb=\count491
\c@savednameb=\count492
\c@namec=\count493
\c@savednamec=\count494
\c@translator=\count495
\c@savedtranslator=\count496
\c@shortauthor=\count497
\c@savedshortauthor=\count498
\c@shorteditor=\count499
\c@savedshorteditor=\count500
\c@labelname=\count501
\c@savedlabelname=\count502
\c@institution=\count503
\c@savedinstitution=\count504
\c@lista=\count505
\c@savedlista=\count506
\c@listb=\count507
\c@savedlistb=\count508
\c@listc=\count509
\c@savedlistc=\count510
\c@listd=\count511
\c@savedlistd=\count512
\c@liste=\count513
\c@savedliste=\count514
\c@listf=\count515
\c@savedlistf=\count516
\c@location=\count517
\c@savedlocation=\count518
\c@organization=\count519
\c@savedorganization=\count520
\c@origlocation=\count521
\c@savedoriglocation=\count522
\c@origpublisher=\count523
\c@savedorigpublisher=\count524
\c@publisher=\count525
\c@savedpublisher=\count526
\c@language=\count527
\c@savedlanguage=\count528
\c@origlanguage=\count529
\c@savedoriglanguage=\count530
\c@pageref=\count531
\c@savedpageref=\count532
\shorthandwidth=\skip86
\shortjournalwidth=\skip87
\shortserieswidth=\skip88
\shorttitlewidth=\skip89
\shortauthorwidth=\skip90
\shorteditorwidth=\skip91
\locallabelnumberwidth=\skip92
\locallabelalphawidth=\skip93
\localshorthandwidth=\skip94
\localshortjournalwidth=\skip95
\localshortserieswidth=\skip96
\localshorttitlewidth=\skip97
\localshortauthorwidth=\skip98
\localshorteditorwidth=\skip99
Package biblatex Info: Trying to load compatibility code...
Package biblatex Info: ... file 'blx-compat.def' found.
(c:/texlive/2026/texmf-dist/tex/latex/biblatex/blx-compat.def
File: blx-compat.def 2025/07/10 v3.21 biblatex compatibility (PK/MW)
)
Package biblatex Info: Trying to load generic definitions...
Package biblatex Info: ... file 'biblatex.def' found.
(c:/texlive/2026/texmf-dist/tex/latex/biblatex/biblatex.def
File: biblatex.def 2025/07/10 v3.21 biblatex compatibility (PK/MW)
\c@textcitecount=\count533
\c@textcitetotal=\count534
\c@textcitemaxnames=\count535
\c@biburlbigbreakpenalty=\count536
\c@biburlbreakpenalty=\count537
\c@biburlnumpenalty=\count538
\c@biburlucpenalty=\count539
\c@biburllcpenalty=\count540
\biburlbigskip=\muskip19
\biburlnumskip=\muskip20
\biburlucskip=\muskip21
\biburllcskip=\muskip22
\c@smartand=\count541
)
Package biblatex Info: Trying to load bibliography style 'numeric'...
Package biblatex Info: ... file 'numeric.bbx' found.
(c:/texlive/2026/texmf-dist/tex/latex/biblatex/bbx/numeric.bbx
File: numeric.bbx 2025/07/10 v3.21 biblatex bibliography style (PK/MW)
Package biblatex Info: Trying to load bibliography style 'standard'...
Package biblatex Info: ... file 'standard.bbx' found.
(c:/texlive/2026/texmf-dist/tex/latex/biblatex/bbx/standard.bbx
File: standard.bbx 2025/07/10 v3.21 biblatex bibliography style (PK/MW)
\c@bbx:relatedcount=\count542
\c@bbx:relatedtotal=\count543
))
Package biblatex Info: Trying to load citation style 'numeric'...
Package biblatex Info: ... file 'numeric.cbx' found.
(c:/texlive/2026/texmf-dist/tex/latex/biblatex/cbx/numeric.cbx
File: numeric.cbx 2025/07/10 v3.21 biblatex citation style (PK/MW)
Package biblatex Info: Redefining '\cite'.
Package biblatex Info: Redefining '\parencite'.
Package biblatex Info: Redefining '\footcite'.
Package biblatex Info: Redefining '\footcitetext'.
Package biblatex Info: Redefining '\smartcite'.
Package biblatex Info: Redefining '\supercite'.
Package biblatex Info: Redefining '\textcite'.
Package biblatex Info: Redefining '\textcites'.
Package biblatex Info: Redefining '\cites'.
Package biblatex Info: Redefining '\parencites'.
Package biblatex Info: Redefining '\smartcites'.
)
Package biblatex Info: Trying to load configuration file...
Package biblatex Info: ... file 'biblatex.cfg' found.
(c:/texlive/2026/texmf-dist/tex/latex/biblatex/biblatex.cfg
File: biblatex.cfg 
)
Package biblatex Info: Input encoding 'utf8' detected.
Package biblatex Info: Document encoding is UTF8 ....
(c:/texlive/2026/texmf-dist/tex/generic/tex4ht/expl3-hooks.4ht
version 2020-10-17-13:53
)
Package biblatex Info: ... and expl3
(biblatex)             2026-05-26 L3 programming layer (loader) 
(biblatex)             is new enough (at least 2020/04/06),
(biblatex)             setting 'casechanger=expl3'.
(c:/texlive/2026/texmf-dist/tex/latex/biblatex/blx-case-expl3.sty (c:/texlive/2
026/texmf-dist/tex/generic/tex4ht/expl3-hooks.4ht
version 2020-10-17-13:53
)
Package: blx-case-expl3 2025/07/10 v3.21 expl3 case changing code for biblatex
)) (c:/texlive/2026/texmf-dist/tex/latex/xurl/xurl.sty
Package: xurl 2022/01/09 v 0.10 modify URL breaks
xurl: Set penalties for biblatex
) (c:/texlive/2026/texmf-dist/tex/latex/float/float.sty
Package: float 2001/11/08 v1.3d Float enhancements (AL)
\c@float@type=\count544
\float@exts=\toks51
\float@box=\box105
\@float@everytoks=\toks52
\@floatcapt=\box106
) (c:/texlive/2026/texmf-dist/tex/latex/listings/listings.sty
\lst@mode=\count545
\lst@gtempboxa=\box107
\lst@token=\toks53
\lst@length=\count546
\lst@currlwidth=\dimen345
\lst@column=\count547
\lst@pos=\count548
\lst@lostspace=\dimen346
\lst@width=\dimen347
\lst@newlines=\count549
\lst@lineno=\count550
\lst@maxwidth=\dimen348
(c:/texlive/2026/texmf-dist/tex/latex/listings/lstpatch.sty
File: lstpatch.sty 2025/11/14 1.11b (Carsten Heinz)
) (c:/texlive/2026/texmf-dist/tex/latex/listings/lstmisc.sty
File: lstmisc.sty 2025/11/14 1.11b (Carsten Heinz)
\c@lstnumber=\count551
\lst@skipnumbers=\count552
\lst@framebox=\box108
) (c:/texlive/2026/texmf-dist/tex/latex/listings/listings.cfg
File: listings.cfg 2025/11/14 1.11b listings configuration
))
Package: listings 2025/11/14 1.11b (Carsten Heinz)
(c:/texlive/2026/texmf-dist/tex/generic/tex4ht/enumitem-hooks.4ht
version 2024-09-09-13:35
) (c:/texlive/2026/texmf-dist/tex/latex/enumitem/enumitem.sty
Package: enumitem 2025/02/06 v3.11 Customized lists
\labelindent=\skip100
\enit@outerparindent=\dimen349
\enit@toks=\toks54
\enit@inbox=\box109
\enit@count@id=\count553
\enitdp@description=\count554
) (c:/texlive/2026/texmf-dist/tex/latex/placeins/placeins.sty
Package: placeins 2005/04/18  v 2.2
) (c:/texlive/2026/texmf-dist/tex/latex/amsfonts/amsfonts.sty
Package: amsfonts 2013/01/14 v3.01 Basic AMSFonts support
\symAMSa=\mathgroup4
\symAMSb=\mathgroup5
LaTeX Font Info:    Redeclaring math symbol \hbar on input line 98.
LaTeX Font Info:    Overwriting math alphabet `\mathfrak' in version `bold'
(Font)                  U/euf/m/n --> U/euf/b/n on input line 106.
) (c:/texlive/2026/texmf-dist/tex/generic/tex4ht/cleveref-hooks.4ht
version 2021-06-30-14:33
) (c:/texlive/2026/texmf-dist/tex/latex/cleveref/cleveref.sty
Package: cleveref 2018/03/27 v0.21.4 Intelligent cross-referencing
Package cleveref Info: `hyperref' support loaded on input line 2370.
LaTeX Info: Redefining \cref on input line 2370.
LaTeX Info: Redefining \Cref on input line 2370.
LaTeX Info: Redefining \crefrange on input line 2370.
LaTeX Info: Redefining \Crefrange on input line 2370.
LaTeX Info: Redefining \cpageref on input line 2370.
LaTeX Info: Redefining \Cpageref on input line 2370.
LaTeX Info: Redefining \cpagerefrange on input line 2370.
LaTeX Info: Redefining \Cpagerefrange on input line 2370.
LaTeX Info: Redefining \labelcref on input line 2370.
LaTeX Info: Redefining \labelcpageref on input line 2370.
Package cleveref Info: `listings' support loaded on input line 3131.
)
==> First Aid for cleveref.sty applied!
(c:/texlive/2026/texmf-dist/tex/latex/cases/cases.sty
Package: cases 2020/03/29 ver 3.2
\numc@numwid=\dimen350
)
\c@subsubparagraph=\count555
(c:/texlive/2026/texmf-dist/tex/latex/makecell/makecell.sty
Package: makecell 2009/08/03 V0.1e Managing of Tab Column Heads and Cells
\rotheadsize=\dimen351
\c@nlinenum=\count556
\TeXr@lab=\toks55
)) (c:/texlive/2026/texmf-dist/tex/latex/pdflscape/pdflscape.sty
Package: pdflscape 2025-06-23 v0.14 Display of landscape pages in PDF
(c:/texlive/2026/texmf-dist/tex/latex/pdflscape/pdflscape-nometadata.sty
Package: pdflscape-nometadata 2025-06-23 v0.14 Display of landscape pages in PD
F (HO)
(c:/texlive/2026/texmf-dist/tex/latex/graphics/lscape.sty
Package: lscape 2020/05/28 v3.02 Landscape Pages (DPC)
(c:/texlive/2026/texmf-dist/tex/generic/tex4ht/graphics-hooks.4ht
version 2022-08-17-14:25
))
Package pdflscape Info: Auto-detected driver: dvips (dvips) on input line 124.
)) (c:/texlive/2026/texmf-dist/tex/generic/tex4ht/tex4ht.4ht
version 2026-03-29-00:00
--------------------------------------
--- Note --- for additional information, use the command line option `info'
--------------------------------------
::::::::::::::::::::::::::::::::::::::::::
 TeX4ht info is available in the log file 
::::::::::::::::::::::::::::::::::::::::::
) (c:/texlive/2026/texmf-dist/tex/generic/tex4ht/tex4ht.sty
version 2026-03-11-13:21
l.882 --- TeX4ht warning --- nonprimitive \everypar ---
--- needs --- tex4ht main ---
\tmp:cnt=\count557
\openout15 = `main.tmp'.

(./main.tmp)
\tmp:dim=\skip101
(./main.xref)
\:refout=\write4
\openout4 = `main.xref'.

(c:/texlive/2026/texmf-dist/tex/generic/tex4ht/html4.4ht
version 2026-05-25-13:26
--------------------------------------
--- Note --- to remove the <?xml version=...?> processing instruction use the c
ommand line option `no-VERSION'
--------------------------------------
--------------------------------------
--- Note --- to remove the DOCTYPE declaration use the command line option `no-
DOCTYPE'
--------------------------------------
) (c:/texlive/2026/texmf-dist/tex/generic/tex4ht/unicode.4ht
version 2026-01-04-08:10
) (c:/texlive/2026/texmf-dist/tex/generic/tex4ht/html4-math.4ht
version 2026-05-29-13:22
) (c:/texlive/2026/texmf-dist/tex/generic/tex4ht/html5.4ht
version 2026-01-18-07:06
)
--------------------------------------
--- Note --- for marking of the base font, use the command line option `fonts+'

--------------------------------------
--------------------------------------
--- Note --- for non active _, use the command line option `no_'
--------------------------------------
--------------------------------------
--- Note --- for _ of catcode 13, use the command line option `_13'
--------------------------------------
--------------------------------------
--- Note --- for non active ^, use the command line option `no^'
--------------------------------------
--------------------------------------
--- Note --- for ^ of catcode 13, use the command line option `^13'
--------------------------------------
(c:/texlive/2026/texmf-dist/tex/generic/tex4ht/html4.4ht
version 2026-05-25-13:26
--------------------------------------
--- Note --- For section filenames that reflect on their titles use the command
 line option `sec-filename'
--------------------------------------
--------------------------------------
--- Note --- For section filenames that use full jobname and section type use t
he command line option `cut-fullname'
--------------------------------------
--------------------------------------
--- Note --- For section filenames based on slugified titles use the command li
ne option `sec-slugname'
--------------------------------------
--------------------------------------
--- Note --- to ignore CSS font decoration, use the `NoFonts' command line opti
on
--------------------------------------
--------------------------------------
--- Note --- for jpg bitmaps of pictures, use the `jpg' command line option. (C
haracter bitmaps are controled only by `g' records of tex4ht.env and `-g' switc
hes of tex4ht.c) 
--------------------------------------
--------------------------------------
--- Note --- for gif bitmaps of pictures, use the `gif' command line option. (C
haracter bitmaps are controled only by `g' records of tex4ht.env and `-g' switc
hes of tex4ht.c) 
--------------------------------------
--------------------------------------
--- Note --- for content and toc in 2 frames, use the command line option `fram
es'
--------------------------------------
--------------------------------------
--- Note --- for content, toc, and footnotes in 3 frames, use the command line 
option `frames-fn'
--------------------------------------
--------------------------------------
--- Note --- for file extension name xht, use the command line option `xht'
--------------------------------------
TeX4ht package options: xhtml,2,charset=utf-8,html5,html
--------------------------------------
--- Note --- To print a timestamp, use the command line option timestamp
--------------------------------------
--------------------------------------
--- Note --- to ignore CSS code, use the command line option `-css
--------------------------------------
--------------------------------------
--- Note --- for inline CSS code, use the command line option `css-in'
--------------------------------------
--------------------------------------
--- Note --- for pop ups on mouse over, use the command line option `mouseover'

--------------------------------------
--------------------------------------
--- Note --- for addressing images in a subdirectory, use the command line opti
on `imgdir:.../'
--------------------------------------
) (c:/texlive/2026/texmf-dist/tex/generic/tex4ht/unicode.4ht
version 2026-01-04-08:10
) (c:/texlive/2026/texmf-dist/tex/generic/tex4ht/html4-math.4ht
version 2026-05-29-13:22
) (c:/texlive/2026/texmf-dist/tex/generic/tex4ht/html5.4ht
version 2026-01-18-07:06
--------------------------------------
--- Note --- To print a timestamp, use the command line option timestamp
--------------------------------------
--------------------------------------
--- Note --- We use a default CSS style. Use the `nostyle' option if you want t
o use custom a CSS design
--------------------------------------
)
\:tokwrite=\toks56
\:tokpage=\toks57
--------------------------------------
--- Note --- for back links to toc, use the command line option `sections+'
--------------------------------------
--------------------------------------
--- Note --- for linear crosslinks of pages, use the command line option `next'

--------------------------------------
\openout15 = `main.4ct'.

\:tocout=\write5
\openout5 = `main.4tc'.

(main.4tc) (c:/texlive/2026/texmf-dist/tex/generic/tex4ht/html4.4ht
version 2026-05-25-13:26
) (c:/texlive/2026/texmf-dist/tex/generic/tex4ht/unicode.4ht
version 2026-01-04-08:10
) (c:/texlive/2026/texmf-dist/tex/generic/tex4ht/html4-math.4ht
version 2026-05-29-13:22
) (c:/texlive/2026/texmf-dist/tex/generic/tex4ht/html5.4ht
version 2026-01-18-07:06
) (c:/texlive/2026/texmf-dist/tex/generic/tex4ht/latex.4ht
version 2025-12-04-13:51
LaTeX Info: Redefining \_ on input line 180.
LaTeX Info: Redefining \begin on input line 634.
LaTeX Info: Redefining \end on input line 682.
LaTeX Info: Redefining \, on input line 844.
LaTeX Info: Redefining \; on input line 845.
LaTeX Info: Redefining \! on input line 846.
LaTeX Info: Redefining \: on input line 847.
LaTeX Info: Redefining \> on input line 848.
--------------------------------------
--- Note --- for links into captions, instead of float heads, use the command l
ine option `refcaption'
--------------------------------------
(c:/texlive/2026/texmf-dist/tex/generic/tex4ht/html4.4ht
version 2026-05-25-13:26
) (c:/texlive/2026/texmf-dist/tex/generic/tex4ht/unicode.4ht
version 2026-01-04-08:10
) (c:/texlive/2026/texmf-dist/tex/generic/tex4ht/html4-math.4ht
version 2026-05-29-13:22
) (c:/texlive/2026/texmf-dist/tex/generic/tex4ht/html5.4ht
version 2026-01-18-07:06
) (c:/texlive/2026/texmf-dist/tex/generic/tex4ht/html4.4ht
version 2026-05-25-13:26
--------------------------------------
--- Note --- For mini tocs immediately aftter the header use the command line o
ption `minitoc<'
--------------------------------------
--------------------------------------
--- Note --- For full TOC on each page compatible with the collapsetoc DOM filt
er, use the `fulltoc' command line option.
--------------------------------------
--------------------------------------
--- Note --- for enumerated list elements with valued data, use the command lin
e option `enumerate+'
--------------------------------------
--------------------------------------
--- Note --- for enumerated list elements li's with value attributes, use the c
ommand line option `enumerate-'
--------------------------------------
--------------------------------------
--- Note --- for CSS2 code, use the command line option `css2'
--------------------------------------
--------------------------------------
--- Note --- for pictorial tabular, use the command line option `pic-tabular'
--------------------------------------
--------------------------------------
--- Note --- for bitmap fbox'es, use the command line option `pic-fbox'
--------------------------------------
--------------------------------------
--- Note --- for minipage with width, use the command line option `minipage-wid
th'
--------------------------------------
--------------------------------------
--- Note --- for bitmap framebox'es, use the command line option `pic-framebox'

--------------------------------------
--------------------------------------
--- Note --- for inline footnotes use command line option `fn-in'
--------------------------------------
--------------------------------------
--- Note --- for tracing of latex font commands, use the command line option `f
onts'
--------------------------------------
--------------------------------------
--- Note --- for width specifications of tabular p entries, use the `p-width' c
ommand line option or a configuration similar to \Configure{HColWidth}{\HCode{ 
style="width:\HColWidth"}}
--------------------------------------
) (c:/texlive/2026/texmf-dist/tex/generic/tex4ht/unicode.4ht
version 2026-01-04-08:10
) (c:/texlive/2026/texmf-dist/tex/generic/tex4ht/html4-math.4ht
version 2026-05-29-13:22
--------------------------------------
--- Note --- for pictorial eqnarray, use the command line option `pic-eqnarray'

--------------------------------------
--------------------------------------
--- Note --- for pictorial array, use the command line option `pic-array'
--------------------------------------
--------------------------------------
--- Note --- for pictorial $...$ environments, use the command line option `pic
-m' (not recommended!!)
--------------------------------------
--------------------------------------
--- Note --- for pictorial $...$ and $$...$$ environments with latex alt, use t
he command line option `pic-m+' (not safe!!)
--------------------------------------
--------------------------------------
--- Note --- for pictorial array, use the command line option `pic-array'
--------------------------------------
) (c:/texlive/2026/texmf-dist/tex/generic/tex4ht/html5.4ht
version 2026-01-18-07:06
)) (c:/texlive/2026/texmf-dist/tex/generic/tex4ht/fontmath.4ht
version 2022-10-25-13:59
(c:/texlive/2026/texmf-dist/tex/generic/tex4ht/html4.4ht
version 2026-05-25-13:26
) (c:/texlive/2026/texmf-dist/tex/generic/tex4ht/unicode.4ht
version 2026-01-04-08:10
) (c:/texlive/2026/texmf-dist/tex/generic/tex4ht/html4-math.4ht
version 2026-05-29-13:22
) (c:/texlive/2026/texmf-dist/tex/generic/tex4ht/html5.4ht
version 2026-01-18-07:06
)) (c:/texlive/2026/texmf-dist/tex/generic/tex4ht/array.4ht
version 2025-08-14-13:28
(c:/texlive/2026/texmf-dist/tex/generic/tex4ht/html4.4ht
version 2026-05-25-13:26
) (c:/texlive/2026/texmf-dist/tex/generic/tex4ht/unicode.4ht
version 2026-01-04-08:10
) (c:/texlive/2026/texmf-dist/tex/generic/tex4ht/html4-math.4ht
version 2026-05-29-13:22
--------------------------------------
--- Note --- for pictorial array, use the command line option `pic-array'
--------------------------------------
) (c:/texlive/2026/texmf-dist/tex/generic/tex4ht/html5.4ht
version 2026-01-18-07:06
)) (c:/texlive/2026/texmf-dist/tex/generic/tex4ht/color.4ht
version 2025-06-05-13:26
(c:/texlive/2026/texmf-dist/tex/generic/tex4ht/html4.4ht
version 2026-05-25-13:26
) (c:/texlive/2026/texmf-dist/tex/generic/tex4ht/unicode.4ht
version 2026-01-04-08:10
) (c:/texlive/2026/texmf-dist/tex/generic/tex4ht/html4-math.4ht
version 2026-05-29-13:22
) (c:/texlive/2026/texmf-dist/tex/generic/tex4ht/html5.4ht
version 2026-01-18-07:06
)) (c:/texlive/2026/texmf-dist/tex/generic/tex4ht/colortbl.4ht
version 2025-02-18-10:11
(c:/texlive/2026/texmf-dist/tex/generic/tex4ht/xcolor-hooks.4ht
version 2020-10-17-13:53
) (c:/texlive/2026/texmf-dist/tex/generic/tex4ht/html4.4ht
version 2026-05-25-13:26
) (c:/texlive/2026/texmf-dist/tex/generic/tex4ht/unicode.4ht
version 2026-01-04-08:10
) (c:/texlive/2026/texmf-dist/tex/generic/tex4ht/html4-math.4ht
version 2026-05-29-13:22
) (c:/texlive/2026/texmf-dist/tex/generic/tex4ht/html5.4ht
version 2026-01-18-07:06
)) (c:/texlive/2026/texmf-dist/tex/generic/tex4ht/article.4ht
version 2023-04-10-13:46
(c:/texlive/2026/texmf-dist/tex/generic/tex4ht/html4.4ht
version 2026-05-25-13:26
--------------------------------------
--- Note --- for tocs without * entries, use command line option `notoc*'
--------------------------------------
--------------------------------------
--- Note --- for tocs without * entries, use command line option `notoc*'
--------------------------------------
--------------------------------------
--- Note --- to eliminate mini tables of contents, use the command line option 
`nominitoc'
--------------------------------------
--------------------------------------
--- Note --- for frames-like object-based table of contents, use the command li
ne option `obj-toc'
--------------------------------------
--------------------------------------
--- Note --- for files named derived from section titles, use the command line 
option `sec-filename'
--------------------------------------
--------------------------------------
--- Note --- for i-columns index, use the command line option `index=i' (e.g., 
index=2)
--------------------------------------
) (c:/texlive/2026/texmf-dist/tex/generic/tex4ht/unicode.4ht
version 2026-01-04-08:10
) (c:/texlive/2026/texmf-dist/tex/generic/tex4ht/html4-math.4ht
version 2026-05-29-13:22
) (c:/texlive/2026/texmf-dist/tex/generic/tex4ht/html5.4ht
version 2026-01-18-07:06
)) (c:/texlive/2026/texmf-dist/tex/generic/tex4ht/inputenc.4ht
version 2009-05-21-09:32
(c:/texlive/2026/texmf-dist/tex/generic/tex4ht/html4.4ht
version 2026-05-25-13:26
) (c:/texlive/2026/texmf-dist/tex/generic/tex4ht/unicode.4ht
version 2026-01-04-08:10
) (c:/texlive/2026/texmf-dist/tex/generic/tex4ht/html4-math.4ht
version 2026-05-29-13:22
) (c:/texlive/2026/texmf-dist/tex/generic/tex4ht/html5.4ht
version 2026-01-18-07:06
)) (c:/texlive/2026/texmf-dist/tex/generic/tex4ht/babel.4ht
version 2025-10-07-12:51
(c:/texlive/2026/texmf-dist/tex/generic/tex4ht/html4.4ht
version 2026-05-25-13:26
) (c:/texlive/2026/texmf-dist/tex/generic/tex4ht/unicode.4ht
version 2026-01-04-08:10
) (c:/texlive/2026/texmf-dist/tex/generic/tex4ht/html4-math.4ht
version 2026-05-29-13:22
) (c:/texlive/2026/texmf-dist/tex/generic/tex4ht/html5.4ht
version 2026-01-18-07:06
)) (c:/texlive/2026/texmf-dist/tex/generic/tex4ht/english.4ht
version 2009-05-21-09:32
(c:/texlive/2026/texmf-dist/tex/generic/tex4ht/html4.4ht
version 2026-05-25-13:26
) (c:/texlive/2026/texmf-dist/tex/generic/tex4ht/unicode.4ht
version 2026-01-04-08:10
) (c:/texlive/2026/texmf-dist/tex/generic/tex4ht/html4-math.4ht
version 2026-05-29-13:22
) (c:/texlive/2026/texmf-dist/tex/generic/tex4ht/html5.4ht
version 2026-01-18-07:06
)) (c:/texlive/2026/texmf-dist/tex/generic/tex4ht/csquotes.4ht
version 2020-11-26-13:59
(c:/texlive/2026/texmf-dist/tex/generic/tex4ht/html4.4ht
version 2026-05-25-13:26
) (c:/texlive/2026/texmf-dist/tex/generic/tex4ht/unicode.4ht
version 2026-01-04-08:10
) (c:/texlive/2026/texmf-dist/tex/generic/tex4ht/html4-math.4ht
version 2026-05-29-13:22
) (c:/texlive/2026/texmf-dist/tex/generic/tex4ht/html5.4ht
version 2026-01-18-07:06
)) (c:/texlive/2026/texmf-dist/tex/generic/tex4ht/soul.4ht
version 2009-05-21-09:32
(c:/texlive/2026/texmf-dist/tex/generic/tex4ht/html4.4ht
version 2026-05-25-13:26
) (c:/texlive/2026/texmf-dist/tex/generic/tex4ht/unicode.4ht
version 2026-01-04-08:10
) (c:/texlive/2026/texmf-dist/tex/generic/tex4ht/html4-math.4ht
version 2026-05-29-13:22
) (c:/texlive/2026/texmf-dist/tex/generic/tex4ht/html5.4ht
version 2026-01-18-07:06
)) (c:/texlive/2026/texmf-dist/tex/generic/tex4ht/glossaries.4ht
version 2024-12-06-14:38
(c:/texlive/2026/texmf-dist/tex/generic/tex4ht/html4.4ht
version 2026-05-25-13:26
) (c:/texlive/2026/texmf-dist/tex/generic/tex4ht/unicode.4ht
version 2026-01-04-08:10
) (c:/texlive/2026/texmf-dist/tex/generic/tex4ht/html4-math.4ht
version 2026-05-29-13:22
) (c:/texlive/2026/texmf-dist/tex/generic/tex4ht/html5.4ht
version 2026-01-18-07:06
)) (c:/texlive/2026/texmf-dist/tex/generic/tex4ht/ifthen.4ht
version 2025-06-16-13:44
(c:/texlive/2026/texmf-dist/tex/generic/tex4ht/html4.4ht
version 2026-05-25-13:26
) (c:/texlive/2026/texmf-dist/tex/generic/tex4ht/unicode.4ht
version 2026-01-04-08:10
) (c:/texlive/2026/texmf-dist/tex/generic/tex4ht/html4-math.4ht
version 2026-05-29-13:22
) (c:/texlive/2026/texmf-dist/tex/generic/tex4ht/html5.4ht
version 2026-01-18-07:06
)) (c:/texlive/2026/texmf-dist/tex/generic/tex4ht/amsmath.4ht
version 2025-12-11-13:10
\tmp:muskip=\muskip23
(c:/texlive/2026/texmf-dist/tex/generic/tex4ht/html4.4ht
version 2026-05-25-13:26
) (c:/texlive/2026/texmf-dist/tex/generic/tex4ht/unicode.4ht
version 2026-01-04-08:10
) (c:/texlive/2026/texmf-dist/tex/generic/tex4ht/html4-math.4ht
version 2026-05-29-13:22
LaTeX Info: Redefining \[ on input line 510.
LaTeX Info: Redefining \] on input line 510.
) (c:/texlive/2026/texmf-dist/tex/generic/tex4ht/html5.4ht
version 2026-01-18-07:06
)) (c:/texlive/2026/texmf-dist/tex/generic/tex4ht/amstext.4ht
version 2009-05-21-09:32
(c:/texlive/2026/texmf-dist/tex/generic/tex4ht/html4.4ht
version 2026-05-25-13:26
) (c:/texlive/2026/texmf-dist/tex/generic/tex4ht/unicode.4ht
version 2026-01-04-08:10
) (c:/texlive/2026/texmf-dist/tex/generic/tex4ht/html4-math.4ht
version 2026-05-29-13:22
) (c:/texlive/2026/texmf-dist/tex/generic/tex4ht/html5.4ht
version 2026-01-18-07:06
)) (c:/texlive/2026/texmf-dist/tex/generic/tex4ht/amsbsy.4ht
version 2009-05-21-09:32
(c:/texlive/2026/texmf-dist/tex/generic/tex4ht/html4.4ht
version 2026-05-25-13:26
) (c:/texlive/2026/texmf-dist/tex/generic/tex4ht/unicode.4ht
version 2026-01-04-08:10
) (c:/texlive/2026/texmf-dist/tex/generic/tex4ht/html4-math.4ht
version 2026-05-29-13:22
) (c:/texlive/2026/texmf-dist/tex/generic/tex4ht/html5.4ht
version 2026-01-18-07:06
)) (c:/texlive/2026/texmf-dist/tex/generic/tex4ht/amsopn.4ht
version 2009-05-21-09:32
(c:/texlive/2026/texmf-dist/tex/generic/tex4ht/html4.4ht
version 2026-05-25-13:26
) (c:/texlive/2026/texmf-dist/tex/generic/tex4ht/unicode.4ht
version 2026-01-04-08:10
) (c:/texlive/2026/texmf-dist/tex/generic/tex4ht/html4-math.4ht
version 2026-05-29-13:22
) (c:/texlive/2026/texmf-dist/tex/generic/tex4ht/html5.4ht
version 2026-01-18-07:06
)) (c:/texlive/2026/texmf-dist/tex/generic/tex4ht/longtable.4ht
version 2025-12-02-14:49
\LT:box=\box110
\LT:ebox=\box111
\tmp:bx=\box112
(c:/texlive/2026/texmf-dist/tex/generic/tex4ht/html4.4ht
version 2026-05-25-13:26
--------------------------------------
--- Note --- for pictorial longtable, use the command line option `pic-longtabl
e'
--------------------------------------
) (c:/texlive/2026/texmf-dist/tex/generic/tex4ht/unicode.4ht
version 2026-01-04-08:10
) (c:/texlive/2026/texmf-dist/tex/generic/tex4ht/html4-math.4ht
version 2026-05-29-13:22
) (c:/texlive/2026/texmf-dist/tex/generic/tex4ht/html5.4ht
version 2026-01-18-07:06
)) (c:/texlive/2026/texmf-dist/tex/generic/tex4ht/supertabular.4ht
version 2009-05-21-09:32
(c:/texlive/2026/texmf-dist/tex/generic/tex4ht/html4.4ht
version 2026-05-25-13:26
) (c:/texlive/2026/texmf-dist/tex/generic/tex4ht/unicode.4ht
version 2026-01-04-08:10
) (c:/texlive/2026/texmf-dist/tex/generic/tex4ht/html4-math.4ht
version 2026-05-29-13:22
) (c:/texlive/2026/texmf-dist/tex/generic/tex4ht/html5.4ht
version 2026-01-18-07:06
)) (c:/texlive/2026/texmf-dist/tex/generic/tex4ht/siunitx.4ht
version 2024-01-21-13:28
(c:/texlive/2026/texmf-dist/tex/generic/tex4ht/html4.4ht
version 2026-05-25-13:26
) (c:/texlive/2026/texmf-dist/tex/generic/tex4ht/unicode.4ht
version 2026-01-04-08:10
) (c:/texlive/2026/texmf-dist/tex/generic/tex4ht/html4-math.4ht
version 2026-05-29-13:22
) (c:/texlive/2026/texmf-dist/tex/generic/tex4ht/html5.4ht
version 2026-01-18-07:06
)) (c:/texlive/2026/texmf-dist/tex/generic/tex4ht/xcolor.4ht
version 2025-06-05-13:26
(c:/texlive/2026/texmf-dist/tex/generic/tex4ht/color.4ht
version 2025-06-05-13:26
) (c:/texlive/2026/texmf-dist/tex/generic/tex4ht/html4.4ht
version 2026-05-25-13:26
) (c:/texlive/2026/texmf-dist/tex/generic/tex4ht/unicode.4ht
version 2026-01-04-08:10
) (c:/texlive/2026/texmf-dist/tex/generic/tex4ht/html4-math.4ht
version 2026-05-29-13:22
) (c:/texlive/2026/texmf-dist/tex/generic/tex4ht/html5.4ht
version 2026-01-18-07:06
)) (c:/texlive/2026/texmf-dist/tex/generic/tex4ht/dvips.4ht
version 2009-05-21-09:32
(c:/texlive/2026/texmf-dist/tex/generic/tex4ht/html4.4ht
version 2026-05-25-13:26
) (c:/texlive/2026/texmf-dist/tex/generic/tex4ht/unicode.4ht
version 2026-01-04-08:10
) (c:/texlive/2026/texmf-dist/tex/generic/tex4ht/html4-math.4ht
version 2026-05-29-13:22
) (c:/texlive/2026/texmf-dist/tex/generic/tex4ht/html5.4ht
version 2026-01-18-07:06
)) (c:/texlive/2026/texmf-dist/tex/generic/tex4ht/caption.4ht
version 2024-11-11-13:40
(c:/texlive/2026/texmf-dist/tex/generic/tex4ht/html4.4ht
version 2026-05-25-13:26
) (c:/texlive/2026/texmf-dist/tex/generic/tex4ht/unicode.4ht
version 2026-01-04-08:10
) (c:/texlive/2026/texmf-dist/tex/generic/tex4ht/html4-math.4ht
version 2026-05-29-13:22
) (c:/texlive/2026/texmf-dist/tex/generic/tex4ht/html5.4ht
version 2026-01-18-07:06
)) (c:/texlive/2026/texmf-dist/tex/generic/tex4ht/multirow.4ht
version 2021-06-20-09:36
(c:/texlive/2026/texmf-dist/tex/generic/tex4ht/html4.4ht
version 2026-05-25-13:26
) (c:/texlive/2026/texmf-dist/tex/generic/tex4ht/unicode.4ht
version 2026-01-04-08:10
) (c:/texlive/2026/texmf-dist/tex/generic/tex4ht/html4-math.4ht
version 2026-05-29-13:22
) (c:/texlive/2026/texmf-dist/tex/generic/tex4ht/html5.4ht
version 2026-01-18-07:06
)) (c:/texlive/2026/texmf-dist/tex/generic/tex4ht/tabularray.4ht
version 2026-04-22-12:58
(c:/texlive/2026/texmf-dist/tex/generic/tex4ht/html4.4ht
version 2026-05-25-13:26
) (c:/texlive/2026/texmf-dist/tex/generic/tex4ht/unicode.4ht
version 2026-01-04-08:10
) (c:/texlive/2026/texmf-dist/tex/generic/tex4ht/html4-math.4ht
version 2026-05-29-13:22
) (c:/texlive/2026/texmf-dist/tex/generic/tex4ht/html5.4ht
version 2026-01-18-07:06
)) (c:/texlive/2026/texmf-dist/tex/generic/tex4ht/graphicx.4ht
version 2022-01-12-13:53
(c:/texlive/2026/texmf-dist/tex/generic/tex4ht/html4.4ht
version 2026-05-25-13:26
) (c:/texlive/2026/texmf-dist/tex/generic/tex4ht/unicode.4ht
version 2026-01-04-08:10
) (c:/texlive/2026/texmf-dist/tex/generic/tex4ht/html4-math.4ht
version 2026-05-29-13:22
) (c:/texlive/2026/texmf-dist/tex/generic/tex4ht/html5.4ht
version 2026-01-18-07:06
)) (c:/texlive/2026/texmf-dist/tex/generic/tex4ht/graphics.4ht
version 2024-03-07-13:56
(c:/texlive/2026/texmf-dist/tex/generic/tex4ht/html4.4ht
version 2026-05-25-13:26
--------------------------------------
--- Note --- if included graphics are of degraded quality, try the command line
 options `graphics-num' or `graphics-'. The `num' should provide the density of
 pixels in the bitmaps (e.g., 110). 
--------------------------------------
--------------------------------------
--- Note --- for setting image dimensions, try the option `Gin-dim'; to use per
cents instead of units, use `Gin-perecent'; for key dimensions when bounding bo
x is unavailable try `Gin-dim+'; neither is recommended
--------------------------------------
) (c:/texlive/2026/texmf-dist/tex/generic/tex4ht/unicode.4ht
version 2026-01-04-08:10
) (c:/texlive/2026/texmf-dist/tex/generic/tex4ht/html4-math.4ht
version 2026-05-29-13:22
) (c:/texlive/2026/texmf-dist/tex/generic/tex4ht/html5.4ht
version 2026-01-18-07:06
)) (c:/texlive/2026/texmf-dist/tex/generic/tex4ht/rotating.4ht
version 2009-05-21-09:32
(c:/texlive/2026/texmf-dist/tex/generic/tex4ht/html4.4ht
version 2026-05-25-13:26
) (c:/texlive/2026/texmf-dist/tex/generic/tex4ht/unicode.4ht
version 2026-01-04-08:10
) (c:/texlive/2026/texmf-dist/tex/generic/tex4ht/html4-math.4ht
version 2026-05-29-13:22
) (c:/texlive/2026/texmf-dist/tex/generic/tex4ht/html5.4ht
version 2026-01-18-07:06
)) (c:/texlive/2026/texmf-dist/tex/generic/tex4ht/subcaption.4ht
version 2023-06-08-13:14
(c:/texlive/2026/texmf-dist/tex/generic/tex4ht/html4.4ht
version 2026-05-25-13:26
) (c:/texlive/2026/texmf-dist/tex/generic/tex4ht/unicode.4ht
version 2026-01-04-08:10
) (c:/texlive/2026/texmf-dist/tex/generic/tex4ht/html4-math.4ht
version 2026-05-29-13:22
) (c:/texlive/2026/texmf-dist/tex/generic/tex4ht/html5.4ht
version 2026-01-18-07:06
)) (c:/texlive/2026/texmf-dist/tex/generic/tex4ht/wrapfig.4ht
version 2009-05-21-09:32
(c:/texlive/2026/texmf-dist/tex/generic/tex4ht/html4.4ht
version 2026-05-25-13:26
) (c:/texlive/2026/texmf-dist/tex/generic/tex4ht/unicode.4ht
version 2026-01-04-08:10
) (c:/texlive/2026/texmf-dist/tex/generic/tex4ht/html4-math.4ht
version 2026-05-29-13:22
) (c:/texlive/2026/texmf-dist/tex/generic/tex4ht/html5.4ht
version 2026-01-18-07:06
)) (c:/texlive/2026/texmf-dist/tex/generic/tex4ht/geometry.4ht
version 2025-06-15-07:36
(c:/texlive/2026/texmf-dist/tex/generic/tex4ht/html4.4ht
version 2026-05-25-13:26
) (c:/texlive/2026/texmf-dist/tex/generic/tex4ht/unicode.4ht
version 2026-01-04-08:10
) (c:/texlive/2026/texmf-dist/tex/generic/tex4ht/html4-math.4ht
version 2026-05-29-13:22
) (c:/texlive/2026/texmf-dist/tex/generic/tex4ht/html5.4ht
version 2026-01-18-07:06
)) (c:/texlive/2026/texmf-dist/tex/generic/tex4ht/titlesec.4ht
version 2021-03-02-13:43
(c:/texlive/2026/texmf-dist/tex/generic/tex4ht/html4.4ht
version 2026-05-25-13:26
) (c:/texlive/2026/texmf-dist/tex/generic/tex4ht/unicode.4ht
version 2026-01-04-08:10
) (c:/texlive/2026/texmf-dist/tex/generic/tex4ht/html4-math.4ht
version 2026-05-29-13:22
) (c:/texlive/2026/texmf-dist/tex/generic/tex4ht/html5.4ht
version 2026-01-18-07:06
)) (c:/texlive/2026/texmf-dist/tex/generic/tex4ht/hyperref.4ht
version 2025-10-29-12:48
LaTeX Info: Redefining \autoref on input line 88.
\Hy@SectionHShift=\skip102
(c:/texlive/2026/texmf-dist/tex/generic/tex4ht/html4.4ht
version 2026-05-25-13:26
) (c:/texlive/2026/texmf-dist/tex/generic/tex4ht/unicode.4ht
version 2026-01-04-08:10
) (c:/texlive/2026/texmf-dist/tex/generic/tex4ht/html4-math.4ht
version 2026-05-29-13:22
) (c:/texlive/2026/texmf-dist/tex/generic/tex4ht/html5.4ht
version 2026-01-18-07:06
)) (c:/texlive/2026/texmf-dist/tex/generic/tex4ht/nameref.4ht
version 2025-03-03-13:56
(c:/texlive/2026/texmf-dist/tex/generic/tex4ht/html4.4ht
version 2026-05-25-13:26
) (c:/texlive/2026/texmf-dist/tex/generic/tex4ht/unicode.4ht
version 2026-01-04-08:10
) (c:/texlive/2026/texmf-dist/tex/generic/tex4ht/html4-math.4ht
version 2026-05-29-13:22
) (c:/texlive/2026/texmf-dist/tex/generic/tex4ht/html5.4ht
version 2026-01-18-07:06
)) (c:/texlive/2026/texmf-dist/tex/generic/tex4ht/pd1enc.4ht
version 2009-05-21-09:32
(c:/texlive/2026/texmf-dist/tex/generic/tex4ht/html4.4ht
version 2026-05-25-13:26
) (c:/texlive/2026/texmf-dist/tex/generic/tex4ht/unicode.4ht
version 2026-01-04-08:10
) (c:/texlive/2026/texmf-dist/tex/generic/tex4ht/html4-math.4ht
version 2026-05-29-13:22
) (c:/texlive/2026/texmf-dist/tex/generic/tex4ht/html5.4ht
version 2026-01-18-07:06
)) (c:/texlive/2026/texmf-dist/tex/generic/tex4ht/url.4ht
version 2025-07-11-09:25
(c:/texlive/2026/texmf-dist/tex/generic/tex4ht/html4.4ht
version 2026-05-25-13:26
--------------------------------------
--- Note --- for URL encoding within href use the command line option `url-enc'

--------------------------------------
) (c:/texlive/2026/texmf-dist/tex/generic/tex4ht/unicode.4ht
version 2026-01-04-08:10
) (c:/texlive/2026/texmf-dist/tex/generic/tex4ht/html4-math.4ht
version 2026-05-29-13:22
) (c:/texlive/2026/texmf-dist/tex/generic/tex4ht/html5.4ht
version 2026-01-18-07:06
)) (c:/texlive/2026/texmf-dist/tex/generic/tex4ht/biblatex.4ht
version 2023-12-11-13:31
\sv:sec:cnt=\count558
\c@bib=\count559
\blx@unitmark=\skip103
(c:/texlive/2026/texmf-dist/tex/generic/tex4ht/html4.4ht
version 2026-05-25-13:26
) (c:/texlive/2026/texmf-dist/tex/generic/tex4ht/unicode.4ht
version 2026-01-04-08:10
) (c:/texlive/2026/texmf-dist/tex/generic/tex4ht/html4-math.4ht
version 2026-05-29-13:22
) (c:/texlive/2026/texmf-dist/tex/generic/tex4ht/html5.4ht
version 2026-01-18-07:06
)) (c:/texlive/2026/texmf-dist/tex/generic/tex4ht/float.4ht
version 2009-05-21-09:32
(c:/texlive/2026/texmf-dist/tex/generic/tex4ht/html4.4ht
version 2026-05-25-13:26
) (c:/texlive/2026/texmf-dist/tex/generic/tex4ht/unicode.4ht
version 2026-01-04-08:10
) (c:/texlive/2026/texmf-dist/tex/generic/tex4ht/html4-math.4ht
version 2026-05-29-13:22
) (c:/texlive/2026/texmf-dist/tex/generic/tex4ht/html5.4ht
version 2026-01-18-07:06
)) (c:/texlive/2026/texmf-dist/tex/generic/tex4ht/listings.4ht
version 2025-02-27-12:30
(c:/texlive/2026/texmf-dist/tex/generic/tex4ht/html4.4ht
version 2026-05-25-13:26
--------------------------------------
--- Note --- to ensure proper alignments use fixed size fonts (see listings.dtx
)
--------------------------------------
) (c:/texlive/2026/texmf-dist/tex/generic/tex4ht/unicode.4ht
version 2026-01-04-08:10
) (c:/texlive/2026/texmf-dist/tex/generic/tex4ht/html4-math.4ht
version 2026-05-29-13:22
) (c:/texlive/2026/texmf-dist/tex/generic/tex4ht/html5.4ht
version 2026-01-18-07:06
)) (c:/texlive/2026/texmf-dist/tex/generic/tex4ht/enumitem.4ht
version 2024-09-09-13:35
(c:/texlive/2026/texmf-dist/tex/generic/tex4ht/html4.4ht
version 2026-05-25-13:26
) (c:/texlive/2026/texmf-dist/tex/generic/tex4ht/unicode.4ht
version 2026-01-04-08:10
) (c:/texlive/2026/texmf-dist/tex/generic/tex4ht/html4-math.4ht
version 2026-05-29-13:22
) (c:/texlive/2026/texmf-dist/tex/generic/tex4ht/html5.4ht
version 2026-01-18-07:06
)) (c:/texlive/2026/texmf-dist/tex/generic/tex4ht/amsfonts.4ht
version 2024-11-03-05:51
(c:/texlive/2026/texmf-dist/tex/generic/tex4ht/html4.4ht
version 2026-05-25-13:26
) (c:/texlive/2026/texmf-dist/tex/generic/tex4ht/unicode.4ht
version 2026-01-04-08:10
) (c:/texlive/2026/texmf-dist/tex/generic/tex4ht/html4-math.4ht
version 2026-05-29-13:22
) (c:/texlive/2026/texmf-dist/tex/generic/tex4ht/html5.4ht
version 2026-01-18-07:06
)) (c:/texlive/2026/texmf-dist/tex/generic/tex4ht/cleveref.4ht
version 2023-05-18-14:15
(c:/texlive/2026/texmf-dist/tex/generic/tex4ht/html4.4ht
version 2026-05-25-13:26
) (c:/texlive/2026/texmf-dist/tex/generic/tex4ht/unicode.4ht
version 2026-01-04-08:10
) (c:/texlive/2026/texmf-dist/tex/generic/tex4ht/html4-math.4ht
version 2026-05-29-13:22
) (c:/texlive/2026/texmf-dist/tex/generic/tex4ht/html5.4ht
version 2026-01-18-07:06
)) (c:/texlive/2026/texmf-dist/tex/generic/tex4ht/makecell.4ht
version 2024-10-09-13:42
(c:/texlive/2026/texmf-dist/tex/generic/tex4ht/html4.4ht
version 2026-05-25-13:26
) (c:/texlive/2026/texmf-dist/tex/generic/tex4ht/unicode.4ht
version 2026-01-04-08:10
) (c:/texlive/2026/texmf-dist/tex/generic/tex4ht/html4-math.4ht
version 2026-05-29-13:22
) (c:/texlive/2026/texmf-dist/tex/generic/tex4ht/html5.4ht
version 2026-01-18-07:06
)) (c:/texlive/2026/texmf-dist/tex/generic/tex4ht/html4.4ht
version 2026-05-25-13:26
) (c:/texlive/2026/texmf-dist/tex/generic/tex4ht/unicode.4ht
version 2026-01-04-08:10
) (c:/texlive/2026/texmf-dist/tex/generic/tex4ht/html4-math.4ht
version 2026-05-29-13:22
) (c:/texlive/2026/texmf-dist/tex/generic/tex4ht/html5.4ht
version 2026-01-18-07:06
))
Package csquotes Info: Checking for multilingual support...
Package csquotes Info: ... found 'babel' package.
Package csquotes Info: Adjusting default style.
Package csquotes Info: Redefining alias 'default' -> 'english'.

Package biblatex Warning: Patching footnotes failed.
(biblatex)                Footnote detection will not work.

LaTeX Font Info:    Trying to load font information for T1+lmr on input line 4.

(c:/texlive/2026/texmf-dist/tex/latex/lm/t1lmr.fd
File: t1lmr.fd 2015/05/01 v1.6.1 Font defs for Latin Modern
) (./main.aux (./30_Abstract&Introduction/301_Abstract.aux) (./90_Appendix/90_C
ode.aux))
\openout1 = `main.aux'.

LaTeX Font Info:    Checking defaults for OML/cmm/m/it on input line 4.
LaTeX Font Info:    ... okay on input line 4.
LaTeX Font Info:    Checking defaults for OMS/cmsy/m/n on input line 4.
LaTeX Font Info:    ... okay on input line 4.
LaTeX Font Info:    Checking defaults for OT1/cmr/m/n on input line 4.
LaTeX Font Info:    ... okay on input line 4.
LaTeX Font Info:    Checking defaults for T1/cmr/m/n on input line 4.
LaTeX Font Info:    ... okay on input line 4.
LaTeX Font Info:    Checking defaults for TS1/cmr/m/n on input line 4.
LaTeX Font Info:    ... okay on input line 4.
LaTeX Font Info:    Checking defaults for OMX/cmex/m/n on input line 4.
LaTeX Font Info:    ... okay on input line 4.
LaTeX Font Info:    Checking defaults for U/cmr/m/n on input line 4.
LaTeX Font Info:    ... okay on input line 4.
LaTeX Font Info:    Checking defaults for PD1/pdf/m/n on input line 4.
LaTeX Font Info:    ... okay on input line 4.
LaTeX Font Info:    Checking defaults for PU/pdf/m/n on input line 4.
LaTeX Font Info:    ... okay on input line 4.

(c:/texlive/2026/texmf-dist/tex/latex/translations/translations-basic-dictionar
y-english.trsl
File: translations-basic-dictionary-english.trsl (english translation file `tra
nslations-basic-dictionary')
)
Package translations Info: loading dictionary `translations-basic-dictionary' f
or `english'. on input line 4.
Package caption Info: Begin \AtBeginDocument code.
Package caption Info: End \AtBeginDocument code.
*geometry* driver: auto-detecting
*geometry* detected driver: dvips
*geometry* verbose mode - [ preamble ] result:
* driver: dvips
* paper: a4paper
* layout: <same size as paper>
* layoutoffset:(h,v)=(0.0pt,0.0pt)
* modes: 
* h-part:(L,W,R)=(89.62709pt, 418.25368pt, 89.6271pt)
* v-part:(T,H,B)=(101.40665pt, 591.5302pt, 152.11pt)
* \paperwidth=597.50787pt
* \paperheight=845.04684pt
* \textwidth=452.9679pt
* \textheight=670.50687pt
* \oddsidemargin=0.0pt
* \evensidemargin=0.0pt
* \topmargin=0.0pt
* \headheight=0.0pt
* \headsep=0.0pt
* \topskip=10.0pt
* \footskip=30.0pt
* \marginparwidth=57.0pt
* \marginparsep=11.0pt
* \columnsep=10.0pt
* \skip\footins=9.0pt plus 4.0pt minus 2.0pt
* \hoffset=0.0pt
* \voffset=0.0pt
* \mag=1000
* \@twocolumnfalse
* \@twosidefalse
* \@mparswitchfalse
* \@reversemarginfalse
* (1in=72.27pt=25.4mm, 1cm=28.453pt)

Package hyperref Info: Link coloring ON on input line 4.
Package biblatex Info: Trying to load language 'english'...
Package biblatex Info: ... file 'english.lbx' found.
(c:/texlive/2026/texmf-dist/tex/latex/biblatex/lbx/english.lbx
File: english.lbx 2025/07/10 v3.21 biblatex localization (PK/MW)
)
Package biblatex Info: Input encoding 'utf8' detected.
Package biblatex Info: Automatic encoding selection.
(biblatex)             Assuming data encoding 'utf8'.
\openout3 = `main.bcf'.

Package biblatex Info: Trying to load bibliographic data...
Package biblatex Info: ... file 'main.bbl' found.
(./main.bbl)
Package biblatex Info: Reference section=0 on input line 4.
Package biblatex Info: Reference segment=0 on input line 4.
\c@lstlisting=\count560
--- file main.css ---
(./41_FrontPage/41_Front_Page.tex [1

]
l.6 --- TeX4ht warning --- File `"Images/mtl2.xbb"' not found ---
l.6 --- TeX4ht warning --- Cannot determine size of graphic in "Images/mtl2.xbb
" (no BoundingBox) ---
l. 6 --- needs --- Images/mtl2.jpg ---
[1]) [1]
\openout2 = `30_Abstract&Introduction/301_Abstract.aux'.

(./30_Abstract&Introduction/301_Abstract.tex (./main.4ct [2

] [3])
--- file mainli1.html ---
LaTeX Font Info:    Trying to load font information for T1+lmtt on input line 1
.
(c:/texlive/2026/texmf-dist/tex/latex/lm/t1lmtt.fd
File: t1lmtt.fd 2015/05/01 v1.6.1 Font defs for Latin Modern
) [4]) [5] [6

] [7

]
--- file mainli2.html ---
(./Abbreviation.tex
LaTeX Font Info:    Trying to load font information for OT1+lmr on input line 2
.
(c:/texlive/2026/texmf-dist/tex/latex/lm/ot1lmr.fd
File: ot1lmr.fd 2015/05/01 v1.6.1 Font defs for Latin Modern
)
LaTeX Font Info:    Trying to load font information for OML+lmm on input line 2
.
(c:/texlive/2026/texmf-dist/tex/latex/lm/omllmm.fd
File: omllmm.fd 2015/05/01 v1.6.1 Font defs for Latin Modern
)
LaTeX Font Info:    Trying to load font information for OMS+lmsy on input line 
2.
(c:/texlive/2026/texmf-dist/tex/latex/lm/omslmsy.fd
File: omslmsy.fd 2015/05/01 v1.6.1 Font defs for Latin Modern
)
LaTeX Font Info:    Trying to load font information for OMX+lmex on input line 
2.
(c:/texlive/2026/texmf-dist/tex/latex/lm/omxlmex.fd
File: omxlmex.fd 2015/05/01 v1.6.1 Font defs for Latin Modern
)
LaTeX Font Info:    External font `lmex10' loaded for size
(Font)              <10> on input line 2.
LaTeX Font Info:    External font `lmex10' loaded for size
(Font)              <7> on input line 2.
LaTeX Font Info:    External font `lmex10' loaded for size
(Font)              <5> on input line 2.
LaTeX Font Info:    Trying to load font information for U+msa on input line 2.
(c:/texlive/2026/texmf-dist/tex/latex/amsfonts/umsa.fd
File: umsa.fd 2013/01/14 v3.01 AMS symbols A
)
LaTeX Font Info:    Trying to load font information for U+msb on input line 2.
(c:/texlive/2026/texmf-dist/tex/latex/amsfonts/umsb.fd
File: umsb.fd 2013/01/14 v3.01 AMS symbols B
)) [8

] [9]
--- file mainli3.html ---
(./main.4ct [10

] [11] [12] [13]) [14] [15] (./30_Abstract&Introduction/302_Introduction.tex [1
] [2]
--- file mainse1.html ---
LaTeX Font Info:    Trying to load font information for TS1+lmr on input line 2
0.
(c:/texlive/2026/texmf-dist/tex/latex/lm/ts1lmr.fd
File: ts1lmr.fd 2015/05/01 v1.6.1 Font defs for Latin Modern
) [3

] [4]) (./31_Categorisation/311_categorisation.tex [5] [6]
--- file mainse2.html ---
! Misplaced \noalign.
\rowcolor ->\o:noalign: 
                        {\ifnum 0=`}\fi \global \let \CT@do@color \CT@@do@co...
l.100 \rowcolor
               {Light_Blue}
I expect to see \noalign only after the \cr of
an alignment. Proceed, and I'll ignore this case.

! Misplaced \noalign.
\rowcolor ->\o:noalign: 
                        {\ifnum 0=`}\fi \global \let \CT@do@color \CT@@do@co...
l.116 \rowcolor
               {Light_Blue}
I expect to see \noalign only after the \cr of
an alignment. Proceed, and I'll ignore this case.

! Misplaced \noalign.
\rowcolor ->\o:noalign: 
                        {\ifnum 0=`}\fi \global \let \CT@do@color \CT@@do@co...
l.121 \rowcolor
               {Light_Blue}
I expect to see \noalign only after the \cr of
an alignment. Proceed, and I'll ignore this case.

[7

]) (./36_Useful_Links/Useful_links.tex [8]
--- file mainse3.html ---
[9

]) (./37_MTL_general/37_mtl_general_stuff.tex [10] [11]
--- file mainse4.html ---
[12

] [13] [14

] [15

]) (./37_MTL_general/371_ranking_elo.tex
l.5 --- TeX4ht warning --- File `"Images/profile.xbb"' not found ---
l.5 --- TeX4ht warning --- Cannot determine size of graphic in "Images/profile.
xbb" (no BoundingBox) ---
l. 5 --- needs --- Images/profile.jpg ---
l. 19 Writing main.idv[1] (main0x.png)
[16

]
l. 31 Writing main.idv[2] (main1x.png)
! Misplaced \noalign.
\@rowc@lors ->\o:noalign: 
                          {\global \advance \rownum \@ne }\@rowcolors 
l.31 ...Transformation of r to R} $$ \begin{cases}
                                                  
I expect to see \noalign only after the \cr of
an alignment. Proceed, and I'll ignore this case.

! Misplaced \noalign.
\@rowc@lors ->\o:noalign: 
                          {\global \advance \rownum \@ne }\@rowcolors 
l.32         R(A) = 10^{(r(a)/400)} \\
                                      
I expect to see \noalign only after the \cr of
an alignment. Proceed, and I'll ignore this case.

! Misplaced \noalign.
\@rowc@lors ->\o:noalign: 
                          {\global \advance \rownum \@ne }\@rowcolors 
l.34     \end{cases}
                     $$
I expect to see \noalign only after the \cr of
an alignment. Proceed, and I'll ignore this case.

l. 35 Writing main.idv[3] (main2x.png)
! Misplaced \noalign.
\@rowc@lors ->\o:noalign: 
                          {\global \advance \rownum \@ne }\@rowcolors 
l.36     \begin{cases}
                      
I expect to see \noalign only after the \cr of
an alignment. Proceed, and I'll ignore this case.

! Misplaced \noalign.
\@rowc@lors ->\o:noalign: 
                          {\global \advance \rownum \@ne }\@rowcolors 
l.37         E(A) = R(A)/(R(A)+R(B)) \\
                                       
I expect to see \noalign only after the \cr of
an alignment. Proceed, and I'll ignore this case.

! Misplaced \noalign.
\@rowc@lors ->\o:noalign: 
                          {\global \advance \rownum \@ne }\@rowcolors 
l.39     \end{cases}
                     $$
I expect to see \noalign only after the \cr of
an alignment. Proceed, and I'll ignore this case.

l. 40 Writing main.idv[4] (main3x.png)
! Misplaced \noalign.
\@rowc@lors ->\o:noalign: 
                          {\global \advance \rownum \@ne }\@rowcolors 
l.41     \begin{cases}
                      
I expect to see \noalign only after the \cr of
an alignment. Proceed, and I'll ignore this case.

! Misplaced \noalign.
\@rowc@lors ->\o:noalign: 
                          {\global \advance \rownum \@ne }\@rowcolors 
l.42         S(A) = \begin{cases}
                                 
I expect to see \noalign only after the \cr of
an alignment. Proceed, and I'll ignore this case.

! Misplaced \noalign.
\@rowc@lors ->\o:noalign: 
                          {\global \advance \rownum \@ne }\@rowcolors 
l.43 ...       1, \text{if} \; A \; \text{wins} \\
                                                  
I expect to see \noalign only after the \cr of
an alignment. Proceed, and I'll ignore this case.

! Misplaced \noalign.
\@rowc@lors ->\o:noalign: 
                          {\global \advance \rownum \@ne }\@rowcolors 
l.45         \end{cases}
                         \\
I expect to see \noalign only after the \cr of
an alignment. Proceed, and I'll ignore this case.

! Misplaced \noalign.
\@rowc@lors ->\o:noalign: 
                          {\global \advance \rownum \@ne }\@rowcolors 
l.45         \end{cases} \\
                           
I expect to see \noalign only after the \cr of
an alignment. Proceed, and I'll ignore this case.

! Misplaced \noalign.
\@rowc@lors ->\o:noalign: 
                          {\global \advance \rownum \@ne }\@rowcolors 
l.46         S(B) = \begin{cases}
                                 
I expect to see \noalign only after the \cr of
an alignment. Proceed, and I'll ignore this case.

! Misplaced \noalign.
\@rowc@lors ->\o:noalign: 
                          {\global \advance \rownum \@ne }\@rowcolors 
l.47 ...       0, \text{if} \; A \; \text{wins} \\
                                                  
I expect to see \noalign only after the \cr of
an alignment. Proceed, and I'll ignore this case.

! Misplaced \noalign.
\@rowc@lors ->\o:noalign: 
                          {\global \advance \rownum \@ne }\@rowcolors 
l.49         \end{cases}
                        
I expect to see \noalign only after the \cr of
an alignment. Proceed, and I'll ignore this case.

! Misplaced \noalign.
\@rowc@lors ->\o:noalign: 
                          {\global \advance \rownum \@ne }\@rowcolors 
l.50     \end{cases}
                     $$
I expect to see \noalign only after the \cr of
an alignment. Proceed, and I'll ignore this case.

[17]
l. 51 Writing main.idv[5] (main4x.png)
! Misplaced \noalign.
\@rowc@lors ->\o:noalign: 
                          {\global \advance \rownum \@ne }\@rowcolors 
l.52     \begin{cases}
                      
I expect to see \noalign only after the \cr of
an alignment. Proceed, and I'll ignore this case.

! Misplaced \noalign.
\@rowc@lors ->\o:noalign: 
                          {\global \advance \rownum \@ne }\@rowcolors 
l.53 ...    r'(A) = r(A) + K \times (S(A)-E(A)) \\
                                                  
I expect to see \noalign only after the \cr of
an alignment. Proceed, and I'll ignore this case.

! Misplaced \noalign.
\@rowc@lors ->\o:noalign: 
                          {\global \advance \rownum \@ne }\@rowcolors 
l.54 ...    r'(B) = r(B) + K \times (S(B)-E(B)) \\
                                                  
I expect to see \noalign only after the \cr of
an alignment. Proceed, and I'll ignore this case.

! Misplaced \noalign.
\@rowc@lors ->\o:noalign: 
                          {\global \advance \rownum \@ne }\@rowcolors 
l.55     \end{cases}
                     $$
I expect to see \noalign only after the \cr of
an alignment. Proceed, and I'll ignore this case.

l. 60 Writing main.idv[6] (main5x.png)
! Misplaced \noalign.
\@rowc@lors ->\o:noalign: 
                          {\global \advance \rownum \@ne }\@rowcolors 
l.60 ...Transformation of r to R} $$ \begin{cases}
                                                  
I expect to see \noalign only after the \cr of
an alignment. Proceed, and I'll ignore this case.

! Misplaced \noalign.
\@rowc@lors ->\o:noalign: 
                          {\global \advance \rownum \@ne }\@rowcolors 
l.61         R(A) = 10^{(1639/400)} = 12516.99 \\
                                                 
I expect to see \noalign only after the \cr of
an alignment. Proceed, and I'll ignore this case.

! Misplaced \noalign.
\@rowc@lors ->\o:noalign: 
                          {\global \advance \rownum \@ne }\@rowcolors 
l.63     \end{cases}
                     $$
I expect to see \noalign only after the \cr of
an alignment. Proceed, and I'll ignore this case.

l. 64 Writing main.idv[7] (main6x.png)
! Misplaced \noalign.
\@rowc@lors ->\o:noalign: 
                          {\global \advance \rownum \@ne }\@rowcolors 
l.65     \begin{cases}
                      
I expect to see \noalign only after the \cr of
an alignment. Proceed, and I'll ignore this case.

! Misplaced \noalign.
\@rowc@lors ->\o:noalign: 
                          {\global \advance \rownum \@ne }\@rowcolors 
l.66 ...516.99)/(12516.99+12232.07) = 0.5057562 \\
                                                  
I expect to see \noalign only after the \cr of
an alignment. Proceed, and I'll ignore this case.

! Misplaced \noalign.
\@rowc@lors ->\o:noalign: 
                          {\global \advance \rownum \@ne }\@rowcolors 
l.68     \end{cases}
                     $$
I expect to see \noalign only after the \cr of
an alignment. Proceed, and I'll ignore this case.

[18]
l. 69 Writing main.idv[8] (main7x.png)
! Misplaced \noalign.
\@rowc@lors ->\o:noalign: 
                          {\global \advance \rownum \@ne }\@rowcolors 
l.70     \begin{cases}
                      
I expect to see \noalign only after the \cr of
an alignment. Proceed, and I'll ignore this case.

! Misplaced \noalign.
\@rowc@lors ->\o:noalign: 
                          {\global \advance \rownum \@ne }\@rowcolors 
l.71         S(A) = 1 \\
                        
I expect to see \noalign only after the \cr of
an alignment. Proceed, and I'll ignore this case.

! Misplaced \noalign.
\@rowc@lors ->\o:noalign: 
                          {\global \advance \rownum \@ne }\@rowcolors 
l.73     \end{cases}
                     $$
I expect to see \noalign only after the \cr of
an alignment. Proceed, and I'll ignore this case.

l. 74 Writing main.idv[9] (main8x.png)
! Misplaced \noalign.
\@rowc@lors ->\o:noalign: 
                          {\global \advance \rownum \@ne }\@rowcolors 
l.75     \begin{cases}
                      
I expect to see \noalign only after the \cr of
an alignment. Proceed, and I'll ignore this case.

! Misplaced \noalign.
\@rowc@lors ->\o:noalign: 
                          {\global \advance \rownum \@ne }\@rowcolors 
l.76 ...39 + 32 \times (1-0.5057562) = 1654.816 \\
                                                  
I expect to see \noalign only after the \cr of
an alignment. Proceed, and I'll ignore this case.

! Misplaced \noalign.
\@rowc@lors ->\o:noalign: 
                          {\global \advance \rownum \@ne }\@rowcolors 
l.77 ...35 + 32 \times (0-0.4942438) = 1619.184 \\
                                                  
I expect to see \noalign only after the \cr of
an alignment. Proceed, and I'll ignore this case.

! Misplaced \noalign.
\@rowc@lors ->\o:noalign: 
                          {\global \advance \rownum \@ne }\@rowcolors 
l.78     \end{cases}
                     $$
I expect to see \noalign only after the \cr of
an alignment. Proceed, and I'll ignore this case.

) [19] (./32_Move_Order/321_move_order.tex [20]
--- file mainse5.html ---
l.6 --- TeX4ht warning --- File `"Images/moveorder.xbb"' not found ---
l.6 --- TeX4ht warning --- Cannot determine size of graphic in "Images/moveorde
r.xbb" (no BoundingBox) ---
l. 6 --- needs --- Images/moveorder.jpg ---
[21

]) (./32_Move_Order/322_mo_settings.tex [22]) (./32_Move_Order/323_mo_archive.t
ex
LaTeX Font Info:    External font `lmex10' loaded for size
(Font)              <8> on input line 11.
LaTeX Font Info:    External font `lmex10' loaded for size
(Font)              <6> on input line 11.
! Misplaced \noalign.
\n:LT@caption: ->\o:noalign: 
                             \bgroup \gHAdvance \TitleCount 1 \@ifnextchar [...
l.108 \caption
              {Map Details as of April 2024}
I expect to see \noalign only after the \cr of
an alignment. Proceed, and I'll ignore this case.

! Misplaced \noalign.
\n:LT@makecaption: #1#2#3->\o:noalign: 
                                       {\a:longtablecaption #1{\cap:ref {#2}...
l.108 \caption{Map Details as of April 2024}
                                            
I expect to see \noalign only after the \cr of
an alignment. Proceed, and I'll ignore this case.

[23] [24] [25] [26]) (./32_Move_Order/324_abba_teamgames.tex
LaTeX Font Info:    Font shape `T1/lmtt/bx/n' in size <10> not available
(Font)              Font shape `T1/lmtt/b/n' tried instead on input line 5.
l. 7 Writing main.idv[10] (main9x.png)
[27] [28] [29

]
l.13 --- TeX4ht warning --- File `"Images/moveorder2v2.xbb"' not found ---
l.13 --- TeX4ht warning --- Cannot determine size of graphic in "Images/moveord
er2v2.xbb" (no BoundingBox) ---
l. 13 --- needs --- Images/moveorder2v2.jpg ---
[30

] [31

] [32

]
l.24 --- TeX4ht warning --- File `"Images/ex1.xbb"' not found ---
l.24 --- TeX4ht warning --- Cannot determine size of graphic in "Images/ex1.xbb
" (no BoundingBox) ---
l. 24 --- needs --- Images/ex1.jpg ---
l.31 --- TeX4ht warning --- File `"Images/ex2.xbb"' not found ---
l.31 --- TeX4ht warning --- Cannot determine size of graphic in "Images/ex2.xbb
" (no BoundingBox) ---
l. 31 --- needs --- Images/ex2.jpg ---
[33

] [34

] [35

]
l.45 --- TeX4ht warning --- File `"Images/2v2figuring.xbb"' not found ---
l.45 --- TeX4ht warning --- Cannot determine size of graphic in "Images/2v2figu
ring.xbb" (no BoundingBox) ---
l. 45 --- needs --- Images/2v2figuring.jpg ---
[36

] [37

] [38] [39

]
l.81 --- TeX4ht warning --- File `"Images/abba2v2.xbb"' not found ---
l.81 --- TeX4ht warning --- Cannot determine size of graphic in "Images/abba2v2
.xbb" (no BoundingBox) ---
l. 81 --- needs --- Images/abba2v2.jpg ---
[40

]
l.101 --- TeX4ht warning --- File `"Images/opt2v2.xbb"' not found ---
l.101 --- TeX4ht warning --- Cannot determine size of graphic in "Images/opt2v2
.xbb" (no BoundingBox) ---
l. 101 --- needs --- Images/opt2v2.jpg ---
[41

]
l.131 --- TeX4ht warning --- File `"Images/boa2v2.xbb"' not found ---
l.131 --- TeX4ht warning --- Cannot determine size of graphic in "Images/boa2v2
.xbb" (no BoundingBox) ---
l. 131 --- needs --- Images/boa2v2.jpg ---
[42]
l.146 --- TeX4ht warning --- File `"Images/boarps.xbb"' not found ---
l.146 --- TeX4ht warning --- Cannot determine size of graphic in "Images/boarps
.xbb" (no BoundingBox) ---
l. 146 --- needs --- Images/boarps.jpg ---
l.159 --- TeX4ht warning --- File `"Images/boarps2.xbb"' not found ---
l.159 --- TeX4ht warning --- Cannot determine size of graphic in "Images/boarps
2.xbb" (no BoundingBox) ---
l. 159 --- needs --- Images/boarps2.jpg ---
[43]
l. 170 Writing main.idv[11] (main10x.png)
[44] [45

]
l.176 --- TeX4ht warning --- File `"Images/3vs3.xbb"' not found ---
l.176 --- TeX4ht warning --- Cannot determine size of graphic in "Images/3vs3.x
bb" (no BoundingBox) ---
l. 176 --- needs --- Images/3vs3.jpg ---
[46

] [47

] [48

]
l.185 --- TeX4ht warning --- File `"Images/3vs3alloc.xbb"' not found ---
l.185 --- TeX4ht warning --- Cannot determine size of graphic in "Images/3vs3al
loc.xbb" (no BoundingBox) ---
l. 185 --- needs --- Images/3vs3alloc.jpg ---
[49

]) (./32_Move_Order/326_mo_and_orderofdeployments.tex
l.9 --- TeX4ht warning --- File `"Images/order_deployments.xbb"' not found ---
l.9 --- TeX4ht warning --- Cannot determine size of graphic in "Images/order_de
ployments.xbb" (no BoundingBox) ---
l. 9 --- needs --- Images/order_deployments.jpg ---
) (./32_Move_Order/327_pickcombinations.tex
! Misplaced \noalign.
\n:LT@caption: ->\o:noalign: 
                             \bgroup \gHAdvance \TitleCount 1 \@ifnextchar [...
l.37 \caption
             {Picking Combinations for 4 Initial Territories}
I expect to see \noalign only after the \cr of
an alignment. Proceed, and I'll ignore this case.

! Misplaced \noalign.
\n:LT@makecaption: #1#2#3->\o:noalign: 
                                       {\a:longtablecaption #1{\cap:ref {#2}...
l.37 ...ng Combinations for 4 Initial Territories}
                                                  
I expect to see \noalign only after the \cr of
an alignment. Proceed, and I'll ignore this case.

[50

] [51]
! Misplaced \noalign.
\n:LT@caption: ->\o:noalign: 
                             \bgroup \gHAdvance \TitleCount 1 \@ifnextchar [...
l.105 \caption
              {Picking Combinations for 5 Initial Territories}
I expect to see \noalign only after the \cr of
an alignment. Proceed, and I'll ignore this case.

! Misplaced \noalign.
\n:LT@makecaption: #1#2#3->\o:noalign: 
                                       {\a:longtablecaption #1{\cap:ref {#2}...
l.105 ...g Combinations for 5 Initial Territories}
                                                  
I expect to see \noalign only after the \cr of
an alignment. Proceed, and I'll ignore this case.

[52] [53] [54]
! Misplaced \noalign.
\n:LT@caption: ->\o:noalign: 
                             \bgroup \gHAdvance \TitleCount 1 \@ifnextchar [...
l.131 \caption
              {Picking Combinations for 3 Initial Territories}
I expect to see \noalign only after the \cr of
an alignment. Proceed, and I'll ignore this case.

! Misplaced \noalign.
\n:LT@makecaption: #1#2#3->\o:noalign: 
                                       {\a:longtablecaption #1{\cap:ref {#2}...
l.131 ...g Combinations for 3 Initial Territories}
                                                  
I expect to see \noalign only after the \cr of
an alignment. Proceed, and I'll ignore this case.

[55]) (./32_Move_Order/325_structuring_picks.tex [56]
LaTeX Font Info:    External font `lmex10' loaded for size
(Font)              <9> on input line 18.
! Misplaced \noalign.
\n:LT@caption: ->\o:noalign: 
                             \bgroup \gHAdvance \TitleCount 1 \@ifnextchar [...
l.60 \caption
             {Picking Combinations for 4 Initial Territories with Missing Pi...
I expect to see \noalign only after the \cr of
an alignment. Proceed, and I'll ignore this case.

! Misplaced \noalign.
\n:LT@makecaption: #1#2#3->\o:noalign: 
                                       {\a:longtablecaption #1{\cap:ref {#2}...
l.60 ... 4 Initial Territories with Missing Picks}
                                                  
I expect to see \noalign only after the \cr of
an alignment. Proceed, and I'll ignore this case.

[57] [58] [59]
! Misplaced \noalign.
\rowcolor ->\o:noalign: 
                        {\ifnum 0=`}\fi \global \let \CT@do@color \CT@@do@co...
l.109 \rowcolor
               {Light_Blue}
I expect to see \noalign only after the \cr of
an alignment. Proceed, and I'll ignore this case.

! Misplaced \noalign.
\rowcolor ->\o:noalign: 
                        {\ifnum 0=`}\fi \global \let \CT@do@color \CT@@do@co...
l.118 \rowcolor
               {Light_Blue}
I expect to see \noalign only after the \cr of
an alignment. Proceed, and I'll ignore this case.

! Misplaced \noalign.
\rowcolor ->\o:noalign: 
                        {\ifnum 0=`}\fi \global \let \CT@do@color \CT@@do@co...
l.128 \rowcolor
               {Light_Blue}
I expect to see \noalign only after the \cr of
an alignment. Proceed, and I'll ignore this case.

! Misplaced \noalign.
\rowcolor ->\o:noalign: 
                        {\ifnum 0=`}\fi \global \let \CT@do@color \CT@@do@co...
l.135 \rowcolor
               {Light_Blue}
I expect to see \noalign only after the \cr of
an alignment. Proceed, and I'll ignore this case.

! Misplaced \noalign.
\rowcolor ->\o:noalign: 
                        {\ifnum 0=`}\fi \global \let \CT@do@color \CT@@do@co...
l.141 \rowcolor
               {Light_Blue}
I expect to see \noalign only after the \cr of
an alignment. Proceed, and I'll ignore this case.

! Misplaced \noalign.
\rowcolor ->\o:noalign: 
                        {\ifnum 0=`}\fi \global \let \CT@do@color \CT@@do@co...
l.147 \rowcolor
               {Light_Blue}
I expect to see \noalign only after the \cr of
an alignment. Proceed, and I'll ignore this case.

! Misplaced \noalign.
\rowcolor ->\o:noalign: 
                        {\ifnum 0=`}\fi \global \let \CT@do@color \CT@@do@co...
l.153 \rowcolor
               {Light_Blue}
I expect to see \noalign only after the \cr of
an alignment. Proceed, and I'll ignore this case.

! Misplaced \noalign.
\rowcolor ->\o:noalign: 
                        {\ifnum 0=`}\fi \global \let \CT@do@color \CT@@do@co...
l.166 \rowcolor
               {Light_Blue}
I expect to see \noalign only after the \cr of
an alignment. Proceed, and I'll ignore this case.

! Misplaced \noalign.
\rowcolor ->\o:noalign: 
                        {\ifnum 0=`}\fi \global \let \CT@do@color \CT@@do@co...
l.177 \rowcolor
               {Light_Blue}
I expect to see \noalign only after the \cr of
an alignment. Proceed, and I'll ignore this case.

! Misplaced \noalign.
\rowcolor ->\o:noalign: 
                        {\ifnum 0=`}\fi \global \let \CT@do@color \CT@@do@co...
l.187 \rowcolor
               {Light_Blue}
I expect to see \noalign only after the \cr of
an alignment. Proceed, and I'll ignore this case.

! Misplaced \noalign.
\rowcolor ->\o:noalign: 
                        {\ifnum 0=`}\fi \global \let \CT@do@color \CT@@do@co...
l.200 \rowcolor
               {Light_Blue}
I expect to see \noalign only after the \cr of
an alignment. Proceed, and I'll ignore this case.

! Misplaced \noalign.
\n:LT@caption: ->\o:noalign: 
                             \bgroup \gHAdvance \TitleCount 1 \@ifnextchar [...
l.212 \caption
              {Picking Combinations for 4 Initial Territories with Missing P...
I expect to see \noalign only after the \cr of
an alignment. Proceed, and I'll ignore this case.

! Misplaced \noalign.
\n:LT@makecaption: #1#2#3->\o:noalign: 
                                       {\a:longtablecaption #1{\cap:ref {#2}...
l.212 ...ssing Picks (excluded combos (2,3)(3,4))}
                                                  
I expect to see \noalign only after the \cr of
an alignment. Proceed, and I'll ignore this case.

[60] [61] [62] [63]) (./32_Move_Order/328_figuring_moveorder.tex [64] [65

]
l.10 --- TeX4ht warning --- File `"Images/earthsea.xbb"' not found ---
l.10 --- TeX4ht warning --- Cannot determine size of graphic in "Images/earthse
a.xbb" (no BoundingBox) ---
l. 10 --- needs --- Images/earthsea.jpg ---
[66

] [67

] [68

]
l.25 --- TeX4ht warning --- File `"Images/earhsea_oucome.xbb"' not found ---
l.25 --- TeX4ht warning --- Cannot determine size of graphic in "Images/earhsea
_oucome.xbb" (no BoundingBox) ---
l. 25 --- needs --- Images/earhsea_oucome.jpg ---
[69

]) (./32_Move_Order/329_Turn_Phases.tex [70

] [71] [72] [73

]
l.60 --- TeX4ht warning --- File `"Images/od1.xbb"' not found ---
l.60 --- TeX4ht warning --- Cannot determine size of graphic in "Images/od1.xbb
" (no BoundingBox) ---
l. 60 --- needs --- Images/od1.jpg ---
l.67 --- TeX4ht warning --- File `"Images/od2.xbb"' not found ---
l.67 --- TeX4ht warning --- Cannot determine size of graphic in "Images/od2.xbb
" (no BoundingBox) ---
l. 67 --- needs --- Images/od2.jpg ---
[74

]
l.96 --- TeX4ht warning --- File `"Images/odtrick.xbb"' not found ---
l.96 --- TeX4ht warning --- Cannot determine size of graphic in "Images/odtrick
.xbb" (no BoundingBox) ---
l. 96 --- needs --- Images/odtrick.jpg ---
[75

]) (./02_General_Gameplay/02_General_Gameplay.tex [76]
--- file mainse6.html ---
) (./02_General_Gameplay/021_efficiency-killrates.tex [77

] [78] [79] [80] [81] [82

]
l.105 --- TeX4ht warning --- File `"Images/perf_moves.xbb"' not found ---
l.105 --- TeX4ht warning --- Cannot determine size of graphic in "Images/perf_m
oves.xbb" (no BoundingBox) ---
l. 105 --- needs --- Images/perf_moves.jpg ---
[83

] [84

] [85]) (./02_General_Gameplay/022_army-management.tex [86] [87

]
l.11 --- TeX4ht warning --- File `"Images/green2.xbb"' not found ---
l.11 --- TeX4ht warning --- Cannot determine size of graphic in "Images/green2.
xbb" (no BoundingBox) ---
l. 11 --- needs --- Images/green2.jpg ---
l.18 --- TeX4ht warning --- File `"Images/green3.xbb"' not found ---
l.18 --- TeX4ht warning --- Cannot determine size of graphic in "Images/green3.
xbb" (no BoundingBox) ---
l. 18 --- needs --- Images/green3.jpg ---
[88

] [89

] [90

]
l.40 --- TeX4ht warning --- File `"Images/4bon1.xbb"' not found ---
l.40 --- TeX4ht warning --- Cannot determine size of graphic in "Images/4bon1.x
bb" (no BoundingBox) ---
l. 40 --- needs --- Images/4bon1.jpg ---
l.47 --- TeX4ht warning --- File `"Images/4bon2.xbb"' not found ---
l.47 --- TeX4ht warning --- Cannot determine size of graphic in "Images/4bon2.x
bb" (no BoundingBox) ---
l. 47 --- needs --- Images/4bon2.jpg ---
[91

] [92

] [93] [94

]
l.82 --- TeX4ht warning --- File `"Images/5v31.xbb"' not found ---
l.82 --- TeX4ht warning --- Cannot determine size of graphic in "Images/5v31.xb
b" (no BoundingBox) ---
l. 82 --- needs --- Images/5v31.jpg ---
l.89 --- TeX4ht warning --- File `"Images/5v32.xbb"' not found ---
l.89 --- TeX4ht warning --- Cannot determine size of graphic in "Images/5v32.xb
b" (no BoundingBox) ---
l. 89 --- needs --- Images/5v32.jpg ---
[95

]
l.102 --- TeX4ht warning --- File `"Images/delaying.xbb"' not found ---
l.102 --- TeX4ht warning --- Cannot determine size of graphic in "Images/delayi
ng.xbb" (no BoundingBox) ---
l. 102 --- needs --- Images/delaying.png ---
[96

] [97

]
l.133 --- TeX4ht warning --- File `"Images/f1.xbb"' not found ---
l.133 --- TeX4ht warning --- Cannot determine size of graphic in "Images/f1.xbb
" (no BoundingBox) ---
l. 133 --- needs --- Images/f1.jpg ---
l.141 --- TeX4ht warning --- File `"Images/f2.xbb"' not found ---
l.141 --- TeX4ht warning --- Cannot determine size of graphic in "Images/f2.xbb
" (no BoundingBox) ---
l. 141 --- needs --- Images/f2.jpg ---
l.149 --- TeX4ht warning --- File `"Images/f3.xbb"' not found ---
l.149 --- TeX4ht warning --- Cannot determine size of graphic in "Images/f3.xbb
" (no BoundingBox) ---
l. 149 --- needs --- Images/f3.jpg ---
[98

] [99

] [100

]
l.160 --- TeX4ht warning --- File `"Images/f4.xbb"' not found ---
l.160 --- TeX4ht warning --- Cannot determine size of graphic in "Images/f4.xbb
" (no BoundingBox) ---
l. 160 --- needs --- Images/f4.jpg ---
l.168 --- TeX4ht warning --- File `"Images/f6.xbb"' not found ---
l.168 --- TeX4ht warning --- Cannot determine size of graphic in "Images/f6.xbb
" (no BoundingBox) ---
l. 168 --- needs --- Images/f6.jpg ---
l.176 --- TeX4ht warning --- File `"Images/f5.xbb"' not found ---
l.176 --- TeX4ht warning --- Cannot determine size of graphic in "Images/f5.xbb
" (no BoundingBox) ---
l. 176 --- needs --- Images/f5.jpg ---
[101

] [102

] [103

]
l.205 --- TeX4ht warning --- File `"Images/g1.xbb"' not found ---
l.205 --- TeX4ht warning --- Cannot determine size of graphic in "Images/g1.xbb
" (no BoundingBox) ---
l. 205 --- needs --- Images/g1.jpg ---
l.212 --- TeX4ht warning --- File `"Images/g2.xbb"' not found ---
l.212 --- TeX4ht warning --- Cannot determine size of graphic in "Images/g2.xbb
" (no BoundingBox) ---
l. 212 --- needs --- Images/g2.jpg ---
[104

] [105

] [106

]
l.222 --- TeX4ht warning --- File `"Images/g3.xbb"' not found ---
l.222 --- TeX4ht warning --- Cannot determine size of graphic in "Images/g3.xbb
" (no BoundingBox) ---
l. 222 --- needs --- Images/g3.jpg ---
l.229 --- TeX4ht warning --- File `"Images/g4.xbb"' not found ---
l.229 --- TeX4ht warning --- Cannot determine size of graphic in "Images/g4.xbb
" (no BoundingBox) ---
l. 229 --- needs --- Images/g4.jpg ---
[107

] [108

]
l. 283 Writing main.idv[12] (main11x.png)
l. 283 Writing main.idv[13] (main12x.png)
l. 283 Writing main.idv[14] (main13x.png)
l. 284 Writing main.idv[15] (main14x.png)
l. 284 Writing main.idv[16] (main15x.png)
[109]
l. 291 Writing main.idv[17] (main16x.png)
[110] [111]
l. 361 Writing main.idv[18] (main17x.png)
[112] [113]
l. 398 Writing main.idv[19] (main18x.png)
! Misplaced \noalign.
\@rowc@lors ->\o:noalign: 
                          {\global \advance \rownum \@ne }\@rowcolors 
l.399 \begin{cases}
                   
I expect to see \noalign only after the \cr of
an alignment. Proceed, and I'll ignore this case.

! Misplaced \noalign.
\@rowc@lors ->\o:noalign: 
                          {\global \advance \rownum \@ne }\@rowcolors 
l.400 A' = A + IA - 1 - round(0.70D) \\
                                       
I expect to see \noalign only after the \cr of
an alignment. Proceed, and I'll ignore this case.

! Misplaced \noalign.
\@rowc@lors ->\o:noalign: 
                          {\global \advance \rownum \@ne }\@rowcolors 
l.402 \end{cases}
                 
I expect to see \noalign only after the \cr of
an alignment. Proceed, and I'll ignore this case.

l. 406 Writing main.idv[20] (main19x.png)
! Misplaced \noalign.
\@rowc@lors ->\o:noalign: 
                          {\global \advance \rownum \@ne }\@rowcolors 
l.407 \begin{cases}
                   
I expect to see \noalign only after the \cr of
an alignment. Proceed, and I'll ignore this case.

! Misplaced \noalign.
\@rowc@lors ->\o:noalign: 
                          {\global \advance \rownum \@ne }\@rowcolors 
l.408 A' = A \\
               
I expect to see \noalign only after the \cr of
an alignment. Proceed, and I'll ignore this case.

! Misplaced \noalign.
\@rowc@lors ->\o:noalign: 
                          {\global \advance \rownum \@ne }\@rowcolors 
l.410 \end{cases}
                 
I expect to see \noalign only after the \cr of
an alignment. Proceed, and I'll ignore this case.

[114]) (./02_General_Gameplay/023_positional-play.tex [115] [116] [117

]
l.10 --- TeX4ht warning --- File `"Images/numenor map.xbb"' not found ---
l.10 --- TeX4ht warning --- Cannot determine size of graphic in "Images/numenor
 map.xbb" (no BoundingBox) ---
l. 10 --- needs --- Images/numenor map.jpg ---
[118

] [119

] [120

]
l.19 --- TeX4ht warning --- File `"Images/tor-ture1800.xbb"' not found ---
l.19 --- TeX4ht warning --- Cannot determine size of graphic in "Images/tor-tur
e1800.xbb" (no BoundingBox) ---
l. 19 --- needs --- Images/tor-ture1800.jpg ---
[121

]) (./02_General_Gameplay/024_pattern-recognition.tex [122

]) (./02_General_Gameplay/026_Bonus_efficiency.tex [123] [124] [125] [126] [127
] [128]
l.204 --- TeX4ht warning --- File `"Images/num4.xbb"' not found ---
l.204 --- TeX4ht warning --- Cannot determine size of graphic in "Images/num4.x
bb" (no BoundingBox) ---
l. 204 --- needs --- Images/num4.jpg ---
) (./45_Rounding/451_Rounding.tex [129]
--- file mainse7.html ---
[130

] [131]) (./33_Card_Settings/331_overall.tex [132]
--- file mainse8.html ---
l. 17 Writing main.idv[21] (main20x.png)
[133

] [134] [135]) (./33_Card_Settings/334_airlift.tex) (./33_Card_Settings/3391_bl
ockade.tex [136]
l. 11 Writing main.idv[22] (main21x.png)
l. 12 Writing main.idv[23] (main22x.png)
l. 13 Writing main.idv[24] (main23x.png)
l. 14 Writing main.idv[25] (main24x.png)
l. 15 Writing main.idv[26] (main25x.png)
l. 16 Writing main.idv[27] (main26x.png)
l.22 --- TeX4ht warning --- \HRestore\begin  ? ---
l. 22 Writing main.idv[28] (main27x.png)
l. 22 Writing main.idv[29] (main28x.png)
l. 22 Writing main.idv[30] (main29x.png)
l. 22 Writing main.idv[31] (main30x.png)
[137]
l. 24 Writing main.idv[32] (main31x.png)
l. 28 Writing main.idv[33] (main32x.png)
[138]) (./33_Card_Settings/3392_bomb.tex) (./33_Card_Settings/333_emergency_blo
ckade.tex [139]) (./33_Card_Settings/336_diplomacy.tex) (./33_Card_Settings/335
_gift.tex [140]) (./33_Card_Settings/3394_order_delay.tex) (./33_Card_Settings/
3393_order_priority.tex [141]) (./33_Card_Settings/338_reconnaissance.tex) (./3
3_Card_Settings/331_reinforcement_card.tex [142]) (./33_Card_Settings/337_sanct
ion.tex) (./33_Card_Settings/339_surveillance.tex) (./33_Card_Settings/332_spy_
card.tex) (./34_Percentage_Moves/34_percentage_moves.tex [143]
--- file mainse9.html ---
[144

]) (./35_Intel_Move/35_intel_moves.tex) (./35_Intel_Move/351_attack_only.tex) (
./35_Intel_Move/352_transfer_only.tex [145]) (./35_Intel_Move/353_hiding_armies
_income.tex) (./35_Intel_Move/354_denying card pieces.tex [146] [147]) (./00_We
ighted_Random/WR_introduction.tex [148]
--- file mainse10.html ---
[149

] [150] [151

]
l.68 --- TeX4ht warning --- File `"Images/loveant.xbb"' not found ---
l.68 --- TeX4ht warning --- Cannot determine size of graphic in "Images/loveant
.xbb" (no BoundingBox) ---
l. 68 --- needs --- Images/loveant.jpg ---
[152

]
l.98 --- TeX4ht warning --- File `"Images/wrsc1.xbb"' not found ---
l.98 --- TeX4ht warning --- Cannot determine size of graphic in "Images/wrsc1.x
bb" (no BoundingBox) ---
l. 98 --- needs --- Images/wrsc1.jpg ---
[153

]
l. 112 Writing main.idv[34] (main33x.png)
[154] [155

]
l.130 --- TeX4ht warning --- File `"Images/wr_probabilitie.xbb"' not found ---
l.130 --- TeX4ht warning --- Cannot determine size of graphic in "Images/wr_pro
babilitie.xbb" (no BoundingBox) ---
l. 130 --- needs --- Images/wr_probabilitie.jpg ---
[156

] [157

] [158] [159

]
l.190 --- TeX4ht warning --- File `"Images/44wrsplit.xbb"' not found ---
l.190 --- TeX4ht warning --- Cannot determine size of graphic in "Images/44wrsp
lit.xbb" (no BoundingBox) ---
l. 190 --- needs --- Images/44wrsplit.jpg ---
l.197 --- TeX4ht warning --- File `"Images/single8wr.xbb"' not found ---
l.197 --- TeX4ht warning --- Cannot determine size of graphic in "Images/single
8wr.xbb" (no BoundingBox) ---
l. 197 --- needs --- Images/single8wr.jpg ---
[160

]
l. 204 Writing main.idv[35] (main34x.png)
[161

] [162] [163] [164] [165] [166]) (./00_Weighted_Random/001_WR_cyclic/0011_intro
.tex [167]) (./00_Weighted_Random/001_WR_cyclic/0012_Belarus.tex [168] [169

]
l.16 --- TeX4ht warning --- File `"Images/Belarus.xbb"' not found ---
l.16 --- TeX4ht warning --- Cannot determine size of graphic in "Images/Belarus
.xbb" (no BoundingBox) ---
l. 16 --- needs --- Images/Belarus.jpg ---
[170

] [171

] [172] [173] [174] [175

]
l.84 --- TeX4ht warning --- File `"Images/belarus_awp.xbb"' not found ---
l.84 --- TeX4ht warning --- Cannot determine size of graphic in "Images/belarus
_awp.xbb" (no BoundingBox) ---
l. 84 --- needs --- Images/belarus_awp.jpg ---
[176

] [177

] [178] [179]) (./00_Weighted_Random/001_WR_cyclic/0013_Great_Lakes.tex [180] [
181

]
l.14 --- TeX4ht warning --- File `"Images/1800greatlakes.xbb"' not found ---
l.14 --- TeX4ht warning --- Cannot determine size of graphic in "Images/1800gre
atlakes.xbb" (no BoundingBox) ---
l. 14 --- needs --- Images/1800greatlakes.jpg ---
[182

]) (./00_Weighted_Random/001_WR_cyclic/0014_Pangea_Ultima.tex [183

] [184

]
l.13 --- TeX4ht warning --- File `"Images/1800pangea.xbb"' not found ---
l.13 --- TeX4ht warning --- Cannot determine size of graphic in "Images/1800pan
gea.xbb" (no BoundingBox) ---
l. 13 --- needs --- Images/1800pangea.jpg ---
[185

]) (./00_Weighted_Random/002_WR_random/0021_intro.tex [186

] [187]) (./00_Weighted_Random/002_WR_random/0022_British_raj.tex [188] [189

]
l.15 --- TeX4ht warning --- File `"Images/1800raj.xbb"' not found ---
l.15 --- TeX4ht warning --- Cannot determine size of graphic in "Images/1800raj
.xbb" (no BoundingBox) ---
l. 15 --- needs --- Images/1800raj.jpg ---
[190

] [191

]
l.54 --- TeX4ht warning --- File `"Images/raj_game.xbb"' not found ---
l.54 --- TeX4ht warning --- Cannot determine size of graphic in "Images/raj_gam
e.xbb" (no BoundingBox) ---
l. 54 --- needs --- Images/raj_game.jpg ---
[192] [193]) (./00_Weighted_Random/002_WR_random/0023_Final_Fantasy_VII.tex [19
4] [195] [196

]
l.15 --- TeX4ht warning --- File `"Images/1800ff7.xbb"' not found ---
l.15 --- TeX4ht warning --- Cannot determine size of graphic in "Images/1800ff7
.xbb" (no BoundingBox) ---
l. 15 --- needs --- Images/1800ff7.jpg ---
[197

] [198

] [199] [200] [201] [202

]
l.86 --- TeX4ht warning --- File `"Images/ff7_proximity.xbb"' not found ---
l.86 --- TeX4ht warning --- Cannot determine size of graphic in "Images/ff7_pro
ximity.xbb" (no BoundingBox) ---
l. 86 --- needs --- Images/ff7_proximity.jpg ---
[203

]) (./00_Weighted_Random/002_WR_random/0024_Phobia.tex [204

] [205

]
l.12 --- TeX4ht warning --- File `"Images/1800phobia.xbb"' not found ---
l.12 --- TeX4ht warning --- Cannot determine size of graphic in "Images/1800pho
bia.xbb" (no BoundingBox) ---
l. 12 --- needs --- Images/1800phobia.jpg ---
[206

] [207

]
l.58 --- TeX4ht warning --- File `"Images/phobia zones.xbb"' not found ---
l.58 --- TeX4ht warning --- Cannot determine size of graphic in "Images/phobia 
zones.xbb" (no BoundingBox) ---
l. 58 --- needs --- Images/phobia zones.jpg ---
[208] [209]) (./00_Weighted_Random/002_WR_random/0025_Randomised_Strat_ME.tex [
210] [211] [212] [213]
l.61 --- TeX4ht warning --- File `"Images/rand_gak_rufus.xbb"' not found ---
l.61 --- TeX4ht warning --- Cannot determine size of graphic in "Images/rand_ga
k_rufus.xbb" (no BoundingBox) ---
l. 61 --- needs --- Images/rand_gak_rufus.jpg ---
) (./00_Weighted_Random/002_WR_random/0026_Strat_ME.tex [214] [215] [216

]
l.15 --- TeX4ht warning --- File `"Images/strat_me_dynamics.xbb"' not found ---

l.15 --- TeX4ht warning --- Cannot determine size of graphic in "Images/strat_m
e_dynamics.xbb" (no BoundingBox) ---
l. 15 --- needs --- Images/strat_me_dynamics.jpg ---
[217

] [218

] [219] [220] [221] [222] [223] [224

]
l.117 --- TeX4ht warning --- File `"Images/gameplay_op.xbb"' not found ---
l.117 --- TeX4ht warning --- Cannot determine size of graphic in "Images/gamepl
ay_op.xbb" (no BoundingBox) ---
l. 117 --- needs --- Images/gameplay_op.jpg ---
[225

] [226

] [227]) (./00_Weighted_Random/002_WR_random/0027_Tor-ture.tex [228] [229] [230

]
l.22 --- TeX4ht warning --- File `"Images/tor-ture1800.xbb"' not found ---
l.22 --- TeX4ht warning --- Cannot determine size of graphic in "Images/tor-tur
e1800.xbb" (no BoundingBox) ---
l. 22 --- needs --- Images/tor-ture1800.jpg ---
[231

] [232

] [233

]
l.29 --- TeX4ht warning --- File `"Images/tor_map_dynamics.xbb"' not found ---
l.29 --- TeX4ht warning --- Cannot determine size of graphic in "Images/tor_map
_dynamics.xbb" (no BoundingBox) ---
l. 29 --- needs --- Images/tor_map_dynamics.jpg ---
[234

] [235

] [236] [237] [238] [239

]
l.88 --- TeX4ht warning --- File `"Images/ftb_land.xbb"' not found ---
l.88 --- TeX4ht warning --- Cannot determine size of graphic in "Images/ftb_lan
d.xbb" (no BoundingBox) ---
l. 88 --- needs --- Images/ftb_land.jpg ---
[240

]) [241

] (./01_Weird_Ones/01_Extra_Armies_per_territory/011_introduction.tex [242]
--- file mainse11.html ---
) (./01_Weird_Ones/01_Extra_Armies_per_territory/012_French_Brawl.tex [243

] [244] [245] [246] [247] [248] [249] [250]) (./01_Weird_Ones/01_Extra_Armies_p
er_territory/013_Yorkshire Brawl.tex [251]
l.23 --- TeX4ht warning --- File `"Images/yb_board.xbb"' not found ---
l.23 --- TeX4ht warning --- Cannot determine size of graphic in "Images/yb_boar
d.xbb" (no BoundingBox) ---
l. 23 --- needs --- Images/yb_board.jpg ---
[252]) (./01_Weird_Ones/02Luck_Modifier/021_Luck_explanation.tex [253]
l. 18 Writing main.idv[36] (main35x.png)
! Misplaced \noalign.
\@rowc@lors ->\o:noalign: 
                          {\global \advance \rownum \@ne }\@rowcolors 
l.18     $$ P(x;p,n) = \begin{pmatrix}
                                      {} n \\ x \end{pmatrix} {p}^x(1-p)^{n-...
I expect to see \noalign only after the \cr of
an alignment. Proceed, and I'll ignore this case.

! Misplaced \noalign.
\@rowc@lors ->\o:noalign: 
                          {\global \advance \rownum \@ne }\@rowcolors 
l.18     $$ P(x;p,n) = \begin{pmatrix}{} n \\ 
                                              x \end{pmatrix} {p}^x(1-p)^{n-...
I expect to see \noalign only after the \cr of
an alignment. Proceed, and I'll ignore this case.

! Misplaced \noalign.
\@rowc@lors ->\o:noalign: 
                          {\global \advance \rownum \@ne }\@rowcolors 
l.18 ...) = \begin{pmatrix}{} n \\ x \end{pmatrix}
                                                   {p}^x(1-p)^{n-x} $$
I expect to see \noalign only after the \cr of
an alignment. Proceed, and I'll ignore this case.

l. 25 Writing main.idv[37] (main36x.png)
! Misplaced \noalign.
\@rowc@lors ->\o:noalign: 
                          {\global \advance \rownum \@ne }\@rowcolors 
l.25     $$ P = \begin{cases}
                             
I expect to see \noalign only after the \cr of
an alignment. Proceed, and I'll ignore this case.

! Misplaced \noalign.
\@rowc@lors ->\o:noalign: 
                          {\global \advance \rownum \@ne }\@rowcolors 
l.27     \end{cases}
                    
I expect to see \noalign only after the \cr of
an alignment. Proceed, and I'll ignore this case.

[254]
l. 31 Writing main.idv[38] (main37x.png)
[255]
l. 60 Writing main.idv[39] (main38x.png)
[256] [257]
l. 90 Writing main.idv[40] (main39x.png)
l. 92 Writing main.idv[41] (main40x.png)
[258] [259]

! LaTeX Error: There's no line here to end.

See the LaTeX manual or LaTeX Companion for explanation.
Type  H <return>  for immediate help.
 ...                                              
                                                  
l.131 \\
        
Your command was ignored.
Type  I <command> <return>  to replace it with another command,
or  <return>  to continue without it.


! LaTeX Error: There's no line here to end.

See the LaTeX manual or LaTeX Companion for explanation.
Type  H <return>  for immediate help.
 ...                                              
                                                  
l.132 8
       6 Attacking armies in a SR 0\% luck game kill 52 defenders, but in 16...

Your command was ignored.
Type  I <command> <return>  to replace it with another command,
or  <return>  to continue without it.

) (./01_Weird_Ones/02Luck_Modifier/022_Guiroma.tex [260] [261

]
l.19 --- TeX4ht warning --- File `"Images/guiroma.xbb"' not found ---
l.19 --- TeX4ht warning --- Cannot determine size of graphic in "Images/guiroma
.xbb" (no BoundingBox) ---
l. 19 --- needs --- Images/guiroma.jpg ---
[262

] [263

]) (./01_Weird_Ones/02Luck_Modifier/023_BfME.tex [264] [265] [266

]
l.21 --- TeX4ht warning --- File `"Images/bfme.xbb"' not found ---
l.21 --- TeX4ht warning --- Cannot determine size of graphic in "Images/bfme.xb
b" (no BoundingBox) ---
l. 21 --- needs --- Images/bfme.jpg ---
[267

]

! LaTeX Error: Unicode character ε (U+03B5)
               not set up for use with LaTeX.

See the LaTeX manual or LaTeX Companion for explanation.
Type  H <return>  for immediate help.
 ...                                              
                                                  
l.31 ...3/7/8. $\text{Jacoþ thε Restle§°ⁿ³}
                                                  $ has 1/2/3 west, 4/5/6/7 ...

You may provide a definition with
\DeclareUnicodeCharacter 


! LaTeX Error: Unicode character ⁿ (U+207F)
               not set up for use with LaTeX.

See the LaTeX manual or LaTeX Companion for explanation.
Type  H <return>  for immediate help.
 ...                                              
                                                  
l.31 ...3/7/8. $\text{Jacoþ thε Restle§°ⁿ³}
                                                  $ has 1/2/3 west, 4/5/6/7 ...

You may provide a definition with
\DeclareUnicodeCharacter 

) (./01_Weird_Ones/03Different_Kill_Rates/031_introduction.tex [268

]) (./01_Weird_Ones/03Different_Kill_Rates/032_timid_lands.tex [269] [270] [271
] [272] [273]) (./01_Weird_Ones/03Different_Kill_Rates/033_fast_earth.tex [274]
[275]) (./01_Weird_Ones/04_Local_Deployment/041_intro.tex [276]) (./01_Weird_On
es/04_Local_Deployment/042_turkeyLD.tex
l.11 --- TeX4ht warning --- File `"Images/turkey_picking.xbb"' not found ---
l.11 --- TeX4ht warning --- Cannot determine size of graphic in "Images/turkey_
picking.xbb" (no BoundingBox) ---
l. 11 --- needs --- Images/turkey_picking.jpg ---
[277] [278]) (./01_Weird_Ones/04_Local_Deployment/043_greeceLD.tex) (./01_Weird
_Ones/04_Local_Deployment/044_Succession Wars.tex) (./01_Weird_Ones/05_Army_Cap
/051_intro.tex) (./01_Weird_Ones/05_Army_Cap/052_georgia.tex) (./01_Weird_Ones/
05_Army_Cap/053_bork.tex [279] [280

]
l.5 --- TeX4ht warning --- File `"Images/1800bork.xbb"' not found ---
l.5 --- TeX4ht warning --- Cannot determine size of graphic in "Images/1800bork
.xbb" (no BoundingBox) ---
l. 5 --- needs --- Images/1800bork.jpg ---
[281

]) (./01_Weird_Ones/06_Multi_Attack/061_intro.tex) (./01_Weird_Ones/06_Multi_At
tack/062_BIV.tex) (./01_Weird_Ones/06_Multi_Attack/063_mme_ma_ld.tex) (./01_Wei
rd_Ones/07_Modded_templates/071_Island_of_Ruins.tex) (./01_Weird_Ones/07_Modded
_templates/072_Lampuria_Swap.tex) (./01_Weird_Ones/08_INSS/081_introduction.tex
) (./01_Weird_Ones/08_INSS/082_Aseridith_Island.tex) (./01_Weird_Ones/08_INSS/0
83_Biomes_of_America.tex) (./01_Weird_Ones/08_INSS/084_Elitist_Africa.tex) (./0
1_Weird_Ones/09_Commanders/091_Strategic_Commanders.tex [282

]) (./01_Weird_Ones/10_No-Split/101_macedonia_no_split.tex) (./01_Weird_Ones/11
_Landria/111_landria.tex) (./01_Weird_Ones/12_EarthSea/121_earthsea.tex) (./01_
Weird_Ones/13_Tarabonia/131_Tarabonia's_Choice.tex) (./20_Straight_Round/200_in
troduction.tex [283]
--- file mainse12.html ---

! LaTeX Error: There's no line here to end.

See the LaTeX manual or LaTeX Companion for explanation.
Type  H <return>  for immediate help.
 ...                                              
                                                  
l.21 \\
       
Your command was ignored.
Type  I <command> <return>  to replace it with another command,
or  <return>  to continue without it.

)

! LaTeX Error: There's no line here to end.

See the LaTeX manual or LaTeX Companion for explanation.
Type  H <return>  for immediate help.
 ...                                              
                                                  
l.160 \input{20_Straight_Round/200_introduction}
                                                
Your command was ignored.
Type  I <command> <return>  to replace it with another command,
or  <return>  to continue without it.

(./20_Straight_Round/21_5armies_per_initial_terr/211_strategic greece.tex) (./2
0_Straight_Round/22_4armies_per_initial_terr/22_introduction.tex)
(./20_Straight_Round/22_4armies_per_initial_terr/221_5income/2211_4picks/Black_
Sea.tex)
(./20_Straight_Round/22_4armies_per_initial_terr/221_5income/2211_4picks/Malvia
.tex)
(./20_Straight_Round/22_4armies_per_initial_terr/221_5income/2211_4picks/Volcan
o_Island.tex [284

])
(./20_Straight_Round/22_4armies_per_initial_terr/221_5income/2211_4picks/World_
of_Warhammer.tex)
(./20_Straight_Round/22_4armies_per_initial_terr/221_5income/2212_3picks/Antarc
tica.tex)
(./20_Straight_Round/22_4armies_per_initial_terr/221_5income/2212_3picks/Basile
ia.tex)
(./20_Straight_Round/22_4armies_per_initial_terr/221_5income/2212_3picks/Battle
_Islands_V.tex)
(./20_Straight_Round/22_4armies_per_initial_terr/221_5income/2212_3picks/Strat_
MME.tex) (./20_Straight_Round/22_4armies_per_initial_terr/222_4income/Laketown.
tex) (./20_Straight_Round/22_4armies_per_initial_terr/222_4income/Saudi_Arabia.
tex) (./20_Straight_Round/22_4armies_per_initial_terr/222_4income/Treasure_Map.
tex) (./20_Straight_Round/23_3armies_per_initial_terr/23_introduction.tex)
(./20_Straight_Round/23_3armies_per_initial_terr/231_5income/Unicorn_Island.tex
[285]) (./20_Straight_Round/23_3armies_per_initial_terr/232_4income/Discovery.t
ex)
(./20_Straight_Round/23_3armies_per_initial_terr/232_4income/Greater_Middle_Eas
t_III.tex)
(./20_Straight_Round/23_3armies_per_initial_terr/232_4income/Hannibal_at_the_Ga
tes.tex) (./20_Straight_Round/23_3armies_per_initial_terr/233_3income/Australia
.tex) (./20_Straight_Round/23_3armies_per_initial_terr/233_3income/Numenor.tex)
(./20_Straight_Round/24_2armies_per_initial_terr/Slow Burn.tex) (./70_Retired_t
emplates/0Retired_intro.tex [286]
--- file mainse13.html ---
) (./70_Retired_templates/Master Mania.tex [287

]
! Misplaced \noalign.
\n:LT@caption: ->\o:noalign: 
                             \bgroup \gHAdvance \TitleCount 1 \@ifnextchar [...
l.50 \caption
             {Master Mania}
I expect to see \noalign only after the \cr of
an alignment. Proceed, and I'll ignore this case.

! Misplaced \noalign.
\n:LT@makecaption: #1#2#3->\o:noalign: 
                                       {\a:longtablecaption #1{\cap:ref {#2}...
l.50 \caption{Master Mania}
                           
I expect to see \noalign only after the \cr of
an alignment. Proceed, and I'll ignore this case.

[288]) (./80_Conclusion/Conclusion.tex [289] [290]
--- file mainse14.html ---

! LaTeX Error: There's no line here to end.

See the LaTeX manual or LaTeX Companion for explanation.
Type  H <return>  for immediate help.
 ...                                              
                                                  
l.6 \\
      
Your command was ignored.
Type  I <command> <return>  to replace it with another command,
or  <return>  to continue without it.


! LaTeX Error: There's no line here to end.

See the LaTeX manual or LaTeX Companion for explanation.
Type  H <return>  for immediate help.
 ...                                              
                                                  
l.9 \\
      
Your command was ignored.
Type  I <command> <return>  to replace it with another command,
or  <return>  to continue without it.


! LaTeX Error: There's no line here to end.

See the LaTeX manual or LaTeX Companion for explanation.
Type  H <return>  for immediate help.
 ...                                              
                                                  
l.10 \\
       
Your command was ignored.
Type  I <command> <return>  to replace it with another command,
or  <return>  to continue without it.


! LaTeX Error: There's no line here to end.

See the LaTeX manual or LaTeX Companion for explanation.
Type  H <return>  for immediate help.
 ...                                              
                                                  
l.12 \\
       
Your command was ignored.
Type  I <command> <return>  to replace it with another command,
or  <return>  to continue without it.


! LaTeX Error: There's no line here to end.

See the LaTeX manual or LaTeX Companion for explanation.
Type  H <return>  for immediate help.
 ...                                              
                                                  
l.13 \\
       
Your command was ignored.
Type  I <command> <return>  to replace it with another command,
or  <return>  to continue without it.


! LaTeX Error: There's no line here to end.

See the LaTeX manual or LaTeX Companion for explanation.
Type  H <return>  for immediate help.
 ...                                              
                                                  
l.15 \\
       
Your command was ignored.
Type  I <command> <return>  to replace it with another command,
or  <return>  to continue without it.


! LaTeX Error: There's no line here to end.

See the LaTeX manual or LaTeX Companion for explanation.
Type  H <return>  for immediate help.
 ...                                              
                                                  
l.16 \\
       
Your command was ignored.
Type  I <command> <return>  to replace it with another command,
or  <return>  to continue without it.


! LaTeX Error: There's no line here to end.

See the LaTeX manual or LaTeX Companion for explanation.
Type  H <return>  for immediate help.
 ...                                              
                                                  
l.18 \\
       
Your command was ignored.
Type  I <command> <return>  to replace it with another command,
or  <return>  to continue without it.


! LaTeX Error: There's no line here to end.

See the LaTeX manual or LaTeX Companion for explanation.
Type  H <return>  for immediate help.
 ...                                              
                                                  
l.19 \\
       
Your command was ignored.
Type  I <command> <return>  to replace it with another command,
or  <return>  to continue without it.


! LaTeX Error: There's no line here to end.

See the LaTeX manual or LaTeX Companion for explanation.
Type  H <return>  for immediate help.
 ...                                              
                                                  
l.21 \\
       
Your command was ignored.
Type  I <command> <return>  to replace it with another command,
or  <return>  to continue without it.


! LaTeX Error: There's no line here to end.

See the LaTeX manual or LaTeX Companion for explanation.
Type  H <return>  for immediate help.
 ...                                              
                                                  
l.22 \\
       
Your command was ignored.
Type  I <command> <return>  to replace it with another command,
or  <return>  to continue without it.


! LaTeX Error: There's no line here to end.

See the LaTeX manual or LaTeX Companion for explanation.
Type  H <return>  for immediate help.
 ...                                              
                                                  
l.25 \\
       
Your command was ignored.
Type  I <command> <return>  to replace it with another command,
or  <return>  to continue without it.


! LaTeX Error: There's no line here to end.

See the LaTeX manual or LaTeX Companion for explanation.
Type  H <return>  for immediate help.
 ...                                              
                                                  
l.26 \\
       
Your command was ignored.
Type  I <command> <return>  to replace it with another command,
or  <return>  to continue without it.


! LaTeX Error: There's no line here to end.

See the LaTeX manual or LaTeX Companion for explanation.
Type  H <return>  for immediate help.
 ...                                              
                                                  
l.28 \\
       
Your command was ignored.
Type  I <command> <return>  to replace it with another command,
or  <return>  to continue without it.


! LaTeX Error: There's no line here to end.

See the LaTeX manual or LaTeX Companion for explanation.
Type  H <return>  for immediate help.
 ...                                              
                                                  
l.29 \\
       
Your command was ignored.
Type  I <command> <return>  to replace it with another command,
or  <return>  to continue without it.


! LaTeX Error: There's no line here to end.

See the LaTeX manual or LaTeX Companion for explanation.
Type  H <return>  for immediate help.
 ...                                              
                                                  
l.31 \\
       
Your command was ignored.
Type  I <command> <return>  to replace it with another command,
or  <return>  to continue without it.


! LaTeX Error: There's no line here to end.

See the LaTeX manual or LaTeX Companion for explanation.
Type  H <return>  for immediate help.
 ...                                              
                                                  
l.32 \\
       \
Your command was ignored.
Type  I <command> <return>  to replace it with another command,
or  <return>  to continue without it.


! LaTeX Error: There's no line here to end.

See the LaTeX manual or LaTeX Companion for explanation.
Type  H <return>  for immediate help.
 ...                                              
                                                  
l.32 \\\
        
Your command was ignored.
Type  I <command> <return>  to replace it with another command,
or  <return>  to continue without it.

) [291

]

LaTeX Warning: Empty bibliography on input line 205.

[1]
\openout2 = `90_Appendix/90_Code.aux'.

(./90_Appendix/90_Code.tex [2

]
--- file mainse15.html ---
(c:/texlive/2026/texmf-dist/tex/latex/listings/lstlang1.sty
File: lstlang1.sty 2025/11/14 1.11b listings language file
) (c:/texlive/2026/texmf-dist/tex/latex/listings/lstlang2.sty
File: lstlang2.sty 2025/11/14 1.11b listings language file
) (c:/texlive/2026/texmf-dist/tex/latex/listings/lstlang3.sty
File: lstlang3.sty 2025/11/14 1.11b listings language file
)) [3

] [4

] [5

] [6

] (./main.aux (./30_Abstract&Introduction/301_Abstract.aux) (./90_Appendix/90_C
ode.aux))
 ***********
LaTeX2e <2026-06-01>
L3 programming layer <2026-05-26>
 ***********
Package logreq Info: Writing requests to 'main.run.xml'.
\openout1 = `main.run.xml'.

 )
(\end occurred when \ifx on line 210 was incomplete)
(\end occurred when \ifx on line 210 was incomplete)
(\end occurred when \ifnum on line 210 was incomplete)
(\end occurred when \ifx on line 210 was incomplete)
(\end occurred when \ifnum on line 210 was incomplete)
(\end occurred when \ifnum on line 210 was incomplete)
(\end occurred when \ifx on line 209 was incomplete)
(\end occurred when \ifx on line 209 was incomplete)
(\end occurred when \ifnum on line 209 was incomplete)
(\end occurred when \ifx on line 209 was incomplete)
(\end occurred when \ifnum on line 209 was incomplete)
(\end occurred when \ifnum on line 209 was incomplete)
(\end occurred when \ifx on line 208 was incomplete)
(\end occurred when \ifx on line 208 was incomplete)
(\end occurred when \ifnum on line 208 was incomplete)
(\end occurred when \ifx on line 208 was incomplete)
(\end occurred when \ifnum on line 208 was incomplete)
(\end occurred when \ifnum on line 208 was incomplete)
(\end occurred when \ifx on line 207 was incomplete)
(\end occurred when \ifx on line 207 was incomplete)
(\end occurred when \ifnum on line 207 was incomplete)
(\end occurred when \ifx on line 207 was incomplete)
(\end occurred when \ifnum on line 207 was incomplete)
(\end occurred when \ifnum on line 207 was incomplete)
(\end occurred when \ifx on line 206 was incomplete)
(\end occurred when \ifx on line 206 was incomplete)
(\end occurred when \ifnum on line 206 was incomplete)
(\end occurred when \ifx on line 206 was incomplete)
(\end occurred when \ifnum on line 206 was incomplete)
(\end occurred when \ifnum on line 206 was incomplete)
(\end occurred when \ifx on line 205 was incomplete)
(\end occurred when \ifx on line 205 was incomplete)
(\end occurred when \ifnum on line 205 was incomplete)
(\end occurred when \ifx on line 205 was incomplete)
(\end occurred when \ifnum on line 205 was incomplete)
(\end occurred when \ifnum on line 205 was incomplete)
(\end occurred when \ifx on line 204 was incomplete)
(\end occurred when \ifx on line 204 was incomplete)
(\end occurred when \ifnum on line 204 was incomplete)
(\end occurred when \ifx on line 204 was incomplete)
(\end occurred when \ifnum on line 204 was incomplete)
(\end occurred when \ifnum on line 204 was incomplete)
(\end occurred when \ifx on line 203 was incomplete)
(\end occurred when \ifx on line 203 was incomplete)
(\end occurred when \ifnum on line 203 was incomplete)
(\end occurred when \ifx on line 203 was incomplete)
(\end occurred when \ifnum on line 203 was incomplete)
(\end occurred when \ifnum on line 203 was incomplete)
(\end occurred when \ifx on line 202 was incomplete)
(\end occurred when \ifx on line 202 was incomplete)
(\end occurred when \ifnum on line 202 was incomplete)
(\end occurred when \ifx on line 202 was incomplete)
(\end occurred when \ifnum on line 202 was incomplete)
(\end occurred when \ifnum on line 202 was incomplete)
(\end occurred when \ifx on line 201 was incomplete)
(\end occurred when \ifx on line 201 was incomplete)
(\end occurred when \ifnum on line 201 was incomplete)
(\end occurred when \ifx on line 201 was incomplete)
(\end occurred when \ifnum on line 201 was incomplete)
(\end occurred when \ifnum on line 201 was incomplete)
(\end occurred when \ifx on line 197 was incomplete)
(\end occurred when \ifx on line 197 was incomplete)
(\end occurred when \ifnum on line 197 was incomplete)
(\end occurred when \ifx on line 197 was incomplete)
(\end occurred when \ifnum on line 197 was incomplete)
(\end occurred when \ifnum on line 197 was incomplete)
(\end occurred when \ifx on line 196 was incomplete)
(\end occurred when \ifx on line 196 was incomplete)
(\end occurred when \ifnum on line 196 was incomplete)
(\end occurred when \ifx on line 196 was incomplete)
(\end occurred when \ifnum on line 196 was incomplete)
(\end occurred when \ifnum on line 196 was incomplete)
(\end occurred when \ifx on line 195 was incomplete)
(\end occurred when \ifx on line 195 was incomplete)
(\end occurred when \ifnum on line 195 was incomplete)
(\end occurred when \ifx on line 195 was incomplete)
(\end occurred when \ifnum on line 195 was incomplete)
(\end occurred when \ifnum on line 195 was incomplete)
(\end occurred when \ifx on line 194 was incomplete)
(\end occurred when \ifx on line 194 was incomplete)
(\end occurred when \ifnum on line 194 was incomplete)
(\end occurred when \ifx on line 194 was incomplete)
(\end occurred when \ifnum on line 194 was incomplete)
(\end occurred when \ifnum on line 194 was incomplete)
(\end occurred when \ifx on line 193 was incomplete)
(\end occurred when \ifx on line 193 was incomplete)
(\end occurred when \ifnum on line 193 was incomplete)
(\end occurred when \ifx on line 193 was incomplete)
(\end occurred when \ifnum on line 193 was incomplete)
(\end occurred when \ifnum on line 193 was incomplete)
(\end occurred when \ifx on line 192 was incomplete)
(\end occurred when \ifx on line 192 was incomplete)
(\end occurred when \ifnum on line 192 was incomplete)
(\end occurred when \ifx on line 192 was incomplete)
(\end occurred when \ifnum on line 192 was incomplete)
(\end occurred when \ifnum on line 192 was incomplete)
(\end occurred when \ifx on line 191 was incomplete)
(\end occurred when \ifx on line 191 was incomplete)
(\end occurred when \ifnum on line 191 was incomplete)
(\end occurred when \ifx on line 191 was incomplete)
(\end occurred when \ifnum on line 191 was incomplete)
(\end occurred when \ifnum on line 191 was incomplete)
(\end occurred when \ifx on line 190 was incomplete)
(\end occurred when \ifx on line 190 was incomplete)
(\end occurred when \ifnum on line 190 was incomplete)
(\end occurred when \ifx on line 190 was incomplete)
(\end occurred when \ifnum on line 190 was incomplete)
(\end occurred when \ifnum on line 190 was incomplete)
(\end occurred when \ifx on line 189 was incomplete)
(\end occurred when \ifx on line 189 was incomplete)
(\end occurred when \ifnum on line 189 was incomplete)
(\end occurred when \ifx on line 189 was incomplete)
(\end occurred when \ifnum on line 189 was incomplete)
(\end occurred when \ifnum on line 189 was incomplete)
(\end occurred when \ifx on line 188 was incomplete)
(\end occurred when \ifx on line 188 was incomplete)
(\end occurred when \ifnum on line 188 was incomplete)
(\end occurred when \ifx on line 188 was incomplete)
(\end occurred when \ifnum on line 188 was incomplete)
(\end occurred when \ifnum on line 188 was incomplete)
(\end occurred when \ifx on line 184 was incomplete)
(\end occurred when \ifx on line 184 was incomplete)
(\end occurred when \ifnum on line 184 was incomplete)
(\end occurred when \ifx on line 184 was incomplete)
(\end occurred when \ifnum on line 184 was incomplete)
(\end occurred when \ifnum on line 184 was incomplete)
(\end occurred when \ifx on line 183 was incomplete)
(\end occurred when \ifx on line 183 was incomplete)
(\end occurred when \ifnum on line 183 was incomplete)
(\end occurred when \ifx on line 183 was incomplete)
(\end occurred when \ifnum on line 183 was incomplete)
(\end occurred when \ifnum on line 183 was incomplete)
(\end occurred when \ifx on line 182 was incomplete)
(\end occurred when \ifx on line 182 was incomplete)
(\end occurred when \ifnum on line 182 was incomplete)
(\end occurred when \ifx on line 182 was incomplete)
(\end occurred when \ifnum on line 182 was incomplete)
(\end occurred when \ifnum on line 182 was incomplete)
(\end occurred when \ifx on line 181 was incomplete)
(\end occurred when \ifx on line 181 was incomplete)
(\end occurred when \ifnum on line 181 was incomplete)
(\end occurred when \ifx on line 181 was incomplete)
(\end occurred when \ifnum on line 181 was incomplete)
(\end occurred when \ifnum on line 181 was incomplete)
(\end occurred when \ifx on line 180 was incomplete)
(\end occurred when \ifx on line 180 was incomplete)
(\end occurred when \ifnum on line 180 was incomplete)
(\end occurred when \ifx on line 180 was incomplete)
(\end occurred when \ifnum on line 180 was incomplete)
(\end occurred when \ifnum on line 180 was incomplete)
(\end occurred when \ifx on line 179 was incomplete)
(\end occurred when \ifx on line 179 was incomplete)
(\end occurred when \ifnum on line 179 was incomplete)
(\end occurred when \ifx on line 179 was incomplete)
(\end occurred when \ifnum on line 179 was incomplete)
(\end occurred when \ifnum on line 179 was incomplete)
(\end occurred when \ifx on line 178 was incomplete)
(\end occurred when \ifx on line 178 was incomplete)
(\end occurred when \ifnum on line 178 was incomplete)
(\end occurred when \ifx on line 178 was incomplete)
(\end occurred when \ifnum on line 178 was incomplete)
(\end occurred when \ifnum on line 178 was incomplete)
(\end occurred when \ifx on line 174 was incomplete)
(\end occurred when \ifx on line 174 was incomplete)
(\end occurred when \ifnum on line 174 was incomplete)
(\end occurred when \ifx on line 174 was incomplete)
(\end occurred when \ifnum on line 174 was incomplete)
(\end occurred when \ifnum on line 174 was incomplete)
(\end occurred when \ifx on line 173 was incomplete)
(\end occurred when \ifx on line 173 was incomplete)
(\end occurred when \ifnum on line 173 was incomplete)
(\end occurred when \ifx on line 173 was incomplete)
(\end occurred when \ifnum on line 173 was incomplete)
(\end occurred when \ifnum on line 173 was incomplete)
(\end occurred when \ifx on line 172 was incomplete)
(\end occurred when \ifx on line 172 was incomplete)
(\end occurred when \ifnum on line 172 was incomplete)
(\end occurred when \ifx on line 172 was incomplete)
(\end occurred when \ifnum on line 172 was incomplete)
(\end occurred when \ifnum on line 172 was incomplete)
(\end occurred when \ifx on line 171 was incomplete)
(\end occurred when \ifx on line 171 was incomplete)
(\end occurred when \ifnum on line 171 was incomplete)
(\end occurred when \ifx on line 171 was incomplete)
(\end occurred when \ifnum on line 171 was incomplete)
(\end occurred when \ifnum on line 171 was incomplete)
(\end occurred when \ifx on line 170 was incomplete)
(\end occurred when \ifx on line 170 was incomplete)
(\end occurred when \ifnum on line 170 was incomplete)
(\end occurred when \ifx on line 170 was incomplete)
(\end occurred when \ifnum on line 170 was incomplete)
(\end occurred when \ifnum on line 170 was incomplete)
(\end occurred when \ifx on line 169 was incomplete)
(\end occurred when \ifx on line 169 was incomplete)
(\end occurred when \ifnum on line 169 was incomplete)
(\end occurred when \ifx on line 169 was incomplete)
(\end occurred when \ifnum on line 169 was incomplete)
(\end occurred when \ifnum on line 169 was incomplete)
(\end occurred when \ifx on line 168 was incomplete)
(\end occurred when \ifx on line 168 was incomplete)
(\end occurred when \ifnum on line 168 was incomplete)
(\end occurred when \ifx on line 168 was incomplete)
(\end occurred when \ifnum on line 168 was incomplete)
(\end occurred when \ifnum on line 168 was incomplete)
(\end occurred when \ifx on line 167 was incomplete)
(\end occurred when \ifx on line 167 was incomplete)
(\end occurred when \ifnum on line 167 was incomplete)
(\end occurred when \ifx on line 167 was incomplete)
(\end occurred when \ifnum on line 167 was incomplete)
(\end occurred when \ifnum on line 167 was incomplete)
(\end occurred when \ifx on line 163 was incomplete)
(\end occurred when \ifx on line 163 was incomplete)
(\end occurred when \ifnum on line 163 was incomplete)
(\end occurred when \ifx on line 163 was incomplete)
(\end occurred when \ifnum on line 163 was incomplete)
(\end occurred when \ifnum on line 163 was incomplete)
(\end occurred when \ifx on line 162 was incomplete)
(\end occurred when \ifx on line 162 was incomplete)
(\end occurred when \ifnum on line 162 was incomplete)
(\end occurred when \ifx on line 162 was incomplete)
(\end occurred when \ifnum on line 162 was incomplete)
(\end occurred when \ifnum on line 162 was incomplete)
(\end occurred when \ifx on line 161 was incomplete)
(\end occurred when \ifx on line 161 was incomplete)
(\end occurred when \ifnum on line 161 was incomplete)
(\end occurred when \ifx on line 161 was incomplete)
(\end occurred when \ifnum on line 161 was incomplete)
(\end occurred when \ifnum on line 161 was incomplete)
(\end occurred when \ifx on line 160 was incomplete)
(\end occurred when \ifx on line 160 was incomplete)
(\end occurred when \ifnum on line 160 was incomplete)
(\end occurred when \ifx on line 160 was incomplete)
(\end occurred when \ifnum on line 160 was incomplete)
(\end occurred when \ifnum on line 160 was incomplete)
(\end occurred when \ifx on line 159 was incomplete)
(\end occurred when \ifx on line 159 was incomplete)
(\end occurred when \ifnum on line 159 was incomplete)
(\end occurred when \ifx on line 159 was incomplete)
(\end occurred when \ifnum on line 159 was incomplete)
(\end occurred when \ifnum on line 159 was incomplete)
(\end occurred when \ifx on line 158 was incomplete)
(\end occurred when \ifx on line 158 was incomplete)
(\end occurred when \ifnum on line 158 was incomplete)
(\end occurred when \ifx on line 158 was incomplete)
(\end occurred when \ifnum on line 158 was incomplete)
(\end occurred when \ifnum on line 158 was incomplete)
(\end occurred when \ifx on line 157 was incomplete)
(\end occurred when \ifx on line 157 was incomplete)
(\end occurred when \ifnum on line 157 was incomplete)
(\end occurred when \ifx on line 157 was incomplete)
(\end occurred when \ifnum on line 157 was incomplete)
(\end occurred when \ifnum on line 157 was incomplete)
(\end occurred when \ifx on line 156 was incomplete)
(\end occurred when \ifx on line 156 was incomplete)
(\end occurred when \ifnum on line 156 was incomplete)
(\end occurred when \ifx on line 156 was incomplete)
(\end occurred when \ifnum on line 156 was incomplete)
(\end occurred when \ifnum on line 156 was incomplete)
(\end occurred when \ifx on line 155 was incomplete)
(\end occurred when \ifx on line 155 was incomplete)
(\end occurred when \ifnum on line 155 was incomplete)
(\end occurred when \ifx on line 155 was incomplete)
(\end occurred when \ifnum on line 155 was incomplete)
(\end occurred when \ifnum on line 155 was incomplete)
(\end occurred when \ifx on line 154 was incomplete)
(\end occurred when \ifx on line 154 was incomplete)
(\end occurred when \ifnum on line 154 was incomplete)
(\end occurred when \ifx on line 154 was incomplete)
(\end occurred when \ifnum on line 154 was incomplete)
(\end occurred when \ifnum on line 154 was incomplete)
(\end occurred when \ifx on line 150 was incomplete)
(\end occurred when \ifx on line 150 was incomplete)
(\end occurred when \ifnum on line 150 was incomplete)
(\end occurred when \ifx on line 150 was incomplete)
(\end occurred when \ifnum on line 150 was incomplete)
(\end occurred when \ifnum on line 150 was incomplete)
(\end occurred when \ifx on line 149 was incomplete)
(\end occurred when \ifx on line 149 was incomplete)
(\end occurred when \ifnum on line 149 was incomplete)
(\end occurred when \ifx on line 149 was incomplete)
(\end occurred when \ifnum on line 149 was incomplete)
(\end occurred when \ifnum on line 149 was incomplete)
(\end occurred when \ifx on line 148 was incomplete)
(\end occurred when \ifx on line 148 was incomplete)
(\end occurred when \ifnum on line 148 was incomplete)
(\end occurred when \ifx on line 148 was incomplete)
(\end occurred when \ifnum on line 148 was incomplete)
(\end occurred when \ifnum on line 148 was incomplete)
(\end occurred when \ifx on line 144 was incomplete)
(\end occurred when \ifx on line 144 was incomplete)
(\end occurred when \ifnum on line 144 was incomplete)
(\end occurred when \ifx on line 144 was incomplete)
(\end occurred when \ifnum on line 144 was incomplete)
(\end occurred when \ifnum on line 144 was incomplete)
(\end occurred when \ifx on line 143 was incomplete)
(\end occurred when \ifx on line 143 was incomplete)
(\end occurred when \ifnum on line 143 was incomplete)
(\end occurred when \ifx on line 143 was incomplete)
(\end occurred when \ifnum on line 143 was incomplete)
(\end occurred when \ifnum on line 143 was incomplete)
(\end occurred when \ifx on line 142 was incomplete)
(\end occurred when \ifx on line 142 was incomplete)
(\end occurred when \ifnum on line 142 was incomplete)
(\end occurred when \ifx on line 142 was incomplete)
(\end occurred when \ifnum on line 142 was incomplete)
(\end occurred when \ifnum on line 142 was incomplete)
(\end occurred when \ifx on line 138 was incomplete)
(\end occurred when \ifx on line 138 was incomplete)
(\end occurred when \ifnum on line 138 was incomplete)
(\end occurred when \ifx on line 138 was incomplete)
(\end occurred when \ifnum on line 138 was incomplete)
(\end occurred when \ifnum on line 138 was incomplete)
(\end occurred when \ifx on line 137 was incomplete)
(\end occurred when \ifx on line 137 was incomplete)
(\end occurred when \ifnum on line 137 was incomplete)
(\end occurred when \ifx on line 137 was incomplete)
(\end occurred when \ifnum on line 137 was incomplete)
(\end occurred when \ifnum on line 137 was incomplete)
(\end occurred when \ifx on line 136 was incomplete)
(\end occurred when \ifx on line 136 was incomplete)
(\end occurred when \ifnum on line 136 was incomplete)
(\end occurred when \ifx on line 136 was incomplete)
(\end occurred when \ifnum on line 136 was incomplete)
(\end occurred when \ifnum on line 136 was incomplete)
(\end occurred when \ifx on line 132 was incomplete)
(\end occurred when \ifx on line 132 was incomplete)
(\end occurred when \ifnum on line 132 was incomplete)
(\end occurred when \ifx on line 132 was incomplete)
(\end occurred when \ifnum on line 132 was incomplete)
(\end occurred when \ifnum on line 132 was incomplete)
(\end occurred when \ifx on line 131 was incomplete)
(\end occurred when \ifx on line 131 was incomplete)
(\end occurred when \ifnum on line 131 was incomplete)
(\end occurred when \ifx on line 131 was incomplete)
(\end occurred when \ifnum on line 131 was incomplete)
(\end occurred when \ifnum on line 131 was incomplete)
(\end occurred when \ifx on line 130 was incomplete)
(\end occurred when \ifx on line 130 was incomplete)
(\end occurred when \ifnum on line 130 was incomplete)
(\end occurred when \ifx on line 130 was incomplete)
(\end occurred when \ifnum on line 130 was incomplete)
(\end occurred when \ifnum on line 130 was incomplete)
(\end occurred when \ifx on line 129 was incomplete)
(\end occurred when \ifx on line 129 was incomplete)
(\end occurred when \ifnum on line 129 was incomplete)
(\end occurred when \ifx on line 129 was incomplete)
(\end occurred when \ifnum on line 129 was incomplete)
(\end occurred when \ifnum on line 129 was incomplete)
(\end occurred when \ifx on line 125 was incomplete)
(\end occurred when \ifx on line 125 was incomplete)
(\end occurred when \ifnum on line 125 was incomplete)
(\end occurred when \ifx on line 125 was incomplete)
(\end occurred when \ifnum on line 125 was incomplete)
(\end occurred when \ifnum on line 125 was incomplete)
(\end occurred when \ifx on line 124 was incomplete)
(\end occurred when \ifx on line 124 was incomplete)
(\end occurred when \ifnum on line 124 was incomplete)
(\end occurred when \ifx on line 124 was incomplete)
(\end occurred when \ifnum on line 124 was incomplete)
(\end occurred when \ifnum on line 124 was incomplete)
(\end occurred when \ifx on line 123 was incomplete)
(\end occurred when \ifx on line 123 was incomplete)
(\end occurred when \ifnum on line 123 was incomplete)
(\end occurred when \ifx on line 123 was incomplete)
(\end occurred when \ifnum on line 123 was incomplete)
(\end occurred when \ifnum on line 123 was incomplete)
(\end occurred when \ifx on line 122 was incomplete)
(\end occurred when \ifx on line 122 was incomplete)
(\end occurred when \ifnum on line 122 was incomplete)
(\end occurred when \ifx on line 122 was incomplete)
(\end occurred when \ifnum on line 122 was incomplete)
(\end occurred when \ifnum on line 122 was incomplete)
(\end occurred when \ifx on line 121 was incomplete)
(\end occurred when \ifx on line 121 was incomplete)
(\end occurred when \ifnum on line 121 was incomplete)
(\end occurred when \ifx on line 121 was incomplete)
(\end occurred when \ifnum on line 121 was incomplete)
(\end occurred when \ifnum on line 121 was incomplete)
(\end occurred when \ifx on line 120 was incomplete)
(\end occurred when \ifx on line 120 was incomplete)
(\end occurred when \ifnum on line 120 was incomplete)
(\end occurred when \ifx on line 120 was incomplete)
(\end occurred when \ifnum on line 120 was incomplete)
(\end occurred when \ifnum on line 120 was incomplete)
(\end occurred when \ifx on line 119 was incomplete)
(\end occurred when \ifx on line 119 was incomplete)
(\end occurred when \ifnum on line 119 was incomplete)
(\end occurred when \ifx on line 119 was incomplete)
(\end occurred when \ifnum on line 119 was incomplete)
(\end occurred when \ifnum on line 119 was incomplete)
(\end occurred when \ifx on line 115 was incomplete)
(\end occurred when \ifx on line 115 was incomplete)
(\end occurred when \ifnum on line 115 was incomplete)
(\end occurred when \ifx on line 115 was incomplete)
(\end occurred when \ifnum on line 115 was incomplete)
(\end occurred when \ifnum on line 115 was incomplete)
(\end occurred when \ifx on line 114 was incomplete)
(\end occurred when \ifx on line 114 was incomplete)
(\end occurred when \ifnum on line 114 was incomplete)
(\end occurred when \ifx on line 114 was incomplete)
(\end occurred when \ifnum on line 114 was incomplete)
(\end occurred when \ifnum on line 114 was incomplete)
(\end occurred when \ifx on line 113 was incomplete)
(\end occurred when \ifx on line 113 was incomplete)
(\end occurred when \ifnum on line 113 was incomplete)
(\end occurred when \ifx on line 113 was incomplete)
(\end occurred when \ifnum on line 113 was incomplete)
(\end occurred when \ifnum on line 113 was incomplete)
(\end occurred when \ifx on line 112 was incomplete)
(\end occurred when \ifx on line 112 was incomplete)
(\end occurred when \ifnum on line 112 was incomplete)
(\end occurred when \ifx on line 112 was incomplete)
(\end occurred when \ifnum on line 112 was incomplete)
(\end occurred when \ifnum on line 112 was incomplete)
(\end occurred when \ifx on line 111 was incomplete)
(\end occurred when \ifx on line 111 was incomplete)
(\end occurred when \ifnum on line 111 was incomplete)
(\end occurred when \ifx on line 111 was incomplete)
(\end occurred when \ifnum on line 111 was incomplete)
(\end occurred when \ifnum on line 111 was incomplete)
(\end occurred when \ifx on line 110 was incomplete)
(\end occurred when \ifx on line 110 was incomplete)
(\end occurred when \ifnum on line 110 was incomplete)
(\end occurred when \ifx on line 110 was incomplete)
(\end occurred when \ifnum on line 110 was incomplete)
(\end occurred when \ifnum on line 110 was incomplete)
(\end occurred when \ifx on line 106 was incomplete)
(\end occurred when \ifx on line 106 was incomplete)
(\end occurred when \ifnum on line 106 was incomplete)
(\end occurred when \ifx on line 106 was incomplete)
(\end occurred when \ifnum on line 106 was incomplete)
(\end occurred when \ifnum on line 106 was incomplete)
(\end occurred when \ifx on line 101 was incomplete)
(\end occurred when \ifx on line 101 was incomplete)
(\end occurred when \ifnum on line 101 was incomplete)
(\end occurred when \ifx on line 101 was incomplete)
(\end occurred when \ifnum on line 101 was incomplete)
(\end occurred when \ifnum on line 101 was incomplete)
(\end occurred when \ifx on line 97 was incomplete)
(\end occurred when \ifx on line 97 was incomplete)
(\end occurred when \ifnum on line 97 was incomplete)
(\end occurred when \ifx on line 97 was incomplete)
(\end occurred when \ifnum on line 97 was incomplete)
(\end occurred when \ifnum on line 97 was incomplete)
(\end occurred when \ifx on line 58 was incomplete)
(\end occurred when \ifx on line 58 was incomplete)
(\end occurred when \ifnum on line 58 was incomplete)
(\end occurred when \ifx on line 58 was incomplete)
(\end occurred when \ifnum on line 58 was incomplete)
(\end occurred when \ifnum on line 58 was incomplete)
(\end occurred when \ifx on line 56 was incomplete)
(\end occurred when \ifx on line 56 was incomplete)
(\end occurred when \ifnum on line 56 was incomplete)
(\end occurred when \ifx on line 56 was incomplete)
(\end occurred when \ifnum on line 56 was incomplete)
(\end occurred when \ifnum on line 56 was incomplete)
(\end occurred when \ifx on line 55 was incomplete)
(\end occurred when \ifx on line 55 was incomplete)
(\end occurred when \ifnum on line 55 was incomplete)
(\end occurred when \ifx on line 55 was incomplete)
(\end occurred when \ifnum on line 55 was incomplete)
(\end occurred when \ifnum on line 55 was incomplete)
(\end occurred when \ifx on line 54 was incomplete)
(\end occurred when \ifx on line 54 was incomplete)
(\end occurred when \ifnum on line 54 was incomplete)
(\end occurred when \ifx on line 54 was incomplete)
(\end occurred when \ifnum on line 54 was incomplete)
(\end occurred when \ifnum on line 54 was incomplete)
(\end occurred when \ifx on line 53 was incomplete)
(\end occurred when \ifx on line 53 was incomplete)
(\end occurred when \ifnum on line 53 was incomplete)
(\end occurred when \ifx on line 53 was incomplete)
(\end occurred when \ifnum on line 53 was incomplete)
(\end occurred when \ifnum on line 53 was incomplete)
(\end occurred when \ifx on line 52 was incomplete)
(\end occurred when \ifx on line 52 was incomplete)
(\end occurred when \ifnum on line 52 was incomplete)
(\end occurred when \ifx on line 52 was incomplete)
(\end occurred when \ifnum on line 52 was incomplete)
(\end occurred when \ifnum on line 52 was incomplete)
(\end occurred when \ifx on line 51 was incomplete)
(\end occurred when \ifx on line 51 was incomplete)
(\end occurred when \ifnum on line 51 was incomplete)
(\end occurred when \ifx on line 51 was incomplete)
(\end occurred when \ifnum on line 51 was incomplete)
(\end occurred when \ifnum on line 51 was incomplete)
(\end occurred when \ifx on line 50 was incomplete)
(\end occurred when \ifx on line 50 was incomplete)
(\end occurred when \ifnum on line 50 was incomplete)
(\end occurred when \ifx on line 50 was incomplete)
(\end occurred when \ifnum on line 50 was incomplete)
(\end occurred when \ifnum on line 50 was incomplete)
(\end occurred when \ifx on line 49 was incomplete)
(\end occurred when \ifx on line 49 was incomplete)
(\end occurred when \ifnum on line 49 was incomplete)
(\end occurred when \ifx on line 49 was incomplete)
(\end occurred when \ifnum on line 49 was incomplete)
(\end occurred when \ifnum on line 49 was incomplete)
(\end occurred when \ifx on line 48 was incomplete)
(\end occurred when \ifx on line 48 was incomplete)
(\end occurred when \ifnum on line 48 was incomplete)
(\end occurred when \ifx on line 48 was incomplete)
(\end occurred when \ifnum on line 48 was incomplete)
(\end occurred when \ifnum on line 48 was incomplete)
(\end occurred when \ifx on line 47 was incomplete)
(\end occurred when \ifx on line 47 was incomplete)
(\end occurred when \ifnum on line 47 was incomplete)
(\end occurred when \ifx on line 47 was incomplete)
(\end occurred when \ifnum on line 47 was incomplete)
(\end occurred when \ifnum on line 47 was incomplete)
(\end occurred when \ifx on line 46 was incomplete)
(\end occurred when \ifx on line 46 was incomplete)
(\end occurred when \ifnum on line 46 was incomplete)
(\end occurred when \ifx on line 46 was incomplete)
(\end occurred when \ifnum on line 46 was incomplete)
(\end occurred when \ifnum on line 46 was incomplete)
(\end occurred when \ifx on line 44 was incomplete)
(\end occurred when \ifx on line 44 was incomplete)
(\end occurred when \ifnum on line 44 was incomplete)
(\end occurred when \ifx on line 44 was incomplete)
(\end occurred when \ifnum on line 44 was incomplete)
(\end occurred when \ifnum on line 44 was incomplete)
(\end occurred when \ifx on line 43 was incomplete)
(\end occurred when \ifx on line 43 was incomplete)
(\end occurred when \ifnum on line 43 was incomplete)
(\end occurred when \ifx on line 43 was incomplete)
(\end occurred when \ifnum on line 43 was incomplete)
(\end occurred when \ifnum on line 43 was incomplete)
(\end occurred when \ifx on line 38 was incomplete)
(\end occurred when \ifx on line 38 was incomplete)
(\end occurred when \ifnum on line 38 was incomplete)
(\end occurred when \ifx on line 38 was incomplete)
(\end occurred when \ifnum on line 38 was incomplete)
(\end occurred when \ifnum on line 38 was incomplete)
(\end occurred when \ifx on line 37 was incomplete)
(\end occurred when \ifx on line 37 was incomplete)
(\end occurred when \ifnum on line 37 was incomplete)
(\end occurred when \ifx on line 37 was incomplete)
(\end occurred when \ifnum on line 37 was incomplete)
(\end occurred when \ifnum on line 37 was incomplete)
(\end occurred when \ifx on line 36 was incomplete)
(\end occurred when \ifx on line 36 was incomplete)
(\end occurred when \ifnum on line 36 was incomplete)
(\end occurred when \ifx on line 36 was incomplete)
(\end occurred when \ifnum on line 36 was incomplete)
(\end occurred when \ifnum on line 36 was incomplete)
(\end occurred when \ifx on line 35 was incomplete)
(\end occurred when \ifx on line 35 was incomplete)
(\end occurred when \ifnum on line 35 was incomplete)
(\end occurred when \ifx on line 35 was incomplete)
(\end occurred when \ifnum on line 35 was incomplete)
(\end occurred when \ifnum on line 35 was incomplete)
(\end occurred when \ifx on line 29 was incomplete)
(\end occurred when \ifx on line 29 was incomplete)
(\end occurred when \ifnum on line 29 was incomplete)
(\end occurred when \ifx on line 29 was incomplete)
(\end occurred when \ifnum on line 29 was incomplete)
(\end occurred when \ifnum on line 29 was incomplete)
(\end occurred when \ifx on line 24 was incomplete)
(\end occurred when \ifx on line 24 was incomplete)
(\end occurred when \ifnum on line 24 was incomplete)
(\end occurred when \ifx on line 24 was incomplete)
(\end occurred when \ifnum on line 24 was incomplete)
(\end occurred when \ifnum on line 24 was incomplete)
(\end occurred when \ifx on line 20 was incomplete)
(\end occurred when \ifx on line 20 was incomplete)
(\end occurred when \ifnum on line 20 was incomplete)
(\end occurred when \ifx on line 20 was incomplete)
(\end occurred when \ifnum on line 20 was incomplete)
(\end occurred when \ifnum on line 20 was incomplete)
(\end occurred when \ifnum on line 106 was incomplete)
(\end occurred when \ifnum on line 106 was incomplete)
(\end occurred when \ifnum on line 106 was incomplete)
(\end occurred when \ifnum on line 106 was incomplete)
(\end occurred when \ifx on line 106 was incomplete)
(\end occurred when \ifx on line 106 was incomplete)
(\end occurred when \ifx on line 106 was incomplete)
(\end occurred when \ifnum on line 106 was incomplete)
(\end occurred when \ifnum on line 106 was incomplete)
(\end occurred when \ifnum on line 106 was incomplete)
(\end occurred when \ifnum on line 106 was incomplete)
(\end occurred when \ifx on line 106 was incomplete)
(\end occurred when \ifx on line 106 was incomplete)
(\end occurred when \ifx on line 106 was incomplete)
(\end occurred when \ifnum on line 106 was incomplete)
(\end occurred when \ifnum on line 106 was incomplete)
(\end occurred when \ifnum on line 106 was incomplete)
(\end occurred when \ifx on line 106 was incomplete)
(\end occurred when \ifx on line 106 was incomplete)
(\end occurred when \ifx on line 106 was incomplete)
(\end occurred when \ifnum on line 106 was incomplete)
(\end occurred when \ifnum on line 106 was incomplete)
(\end occurred when \ifx on line 106 was incomplete)
(\end occurred when \ifx on line 106 was incomplete)
(\end occurred when \ifx on line 106 was incomplete)
(\end occurred when \ifnum on line 106 was incomplete)
(\end occurred when \ifx on line 106 was incomplete)
(\end occurred when \ifx on line 106 was incomplete)
(\end occurred when \ifx on line 106 was incomplete)
(\end occurred when \ifnum on line 106 was incomplete)
(\end occurred when \ifx on line 106 was incomplete)
(\end occurred when \ifx on line 106 was incomplete)
(\end occurred when \ifnum on line 106 was incomplete)
(\end occurred when \ifx on line 106 was incomplete)
(\end occurred when \ifnum on line 106 was incomplete)
(\end occurred when \ifnum on line 106 was incomplete)
(\end occurred when \ifnum on line 105 was incomplete)
(\end occurred when \ifnum on line 105 was incomplete)
(\end occurred when \ifnum on line 105 was incomplete)
(\end occurred when \ifnum on line 105 was incomplete)
(\end occurred when \ifx on line 105 was incomplete)
(\end occurred when \ifx on line 105 was incomplete)
(\end occurred when \ifx on line 105 was incomplete)
(\end occurred when \ifnum on line 105 was incomplete)
(\end occurred when \ifnum on line 105 was incomplete)
(\end occurred when \ifnum on line 105 was incomplete)
(\end occurred when \ifnum on line 105 was incomplete)
(\end occurred when \ifx on line 105 was incomplete)
(\end occurred when \ifx on line 105 was incomplete)
(\end occurred when \ifx on line 105 was incomplete)
(\end occurred when \ifnum on line 105 was incomplete)
(\end occurred when \ifnum on line 105 was incomplete)
(\end occurred when \ifnum on line 105 was incomplete)
(\end occurred when \ifx on line 105 was incomplete)
(\end occurred when \ifx on line 105 was incomplete)
(\end occurred when \ifx on line 105 was incomplete)
(\end occurred when \ifnum on line 105 was incomplete)
(\end occurred when \ifnum on line 105 was incomplete)
(\end occurred when \ifx on line 105 was incomplete)
(\end occurred when \ifx on line 105 was incomplete)
(\end occurred when \ifx on line 105 was incomplete)
(\end occurred when \ifnum on line 105 was incomplete)
(\end occurred when \ifx on line 105 was incomplete)
(\end occurred when \ifx on line 105 was incomplete)
(\end occurred when \ifx on line 105 was incomplete)
(\end occurred when \ifnum on line 105 was incomplete)
(\end occurred when \ifx on line 105 was incomplete)
(\end occurred when \ifx on line 105 was incomplete)
(\end occurred when \ifnum on line 105 was incomplete)
(\end occurred when \ifx on line 105 was incomplete)
(\end occurred when \ifnum on line 105 was incomplete)
(\end occurred when \ifnum on line 105 was incomplete)
(\end occurred when \ifnum on line 103 was incomplete)
(\end occurred when \ifnum on line 103 was incomplete)
(\end occurred when \ifnum on line 103 was incomplete)
(\end occurred when \ifnum on line 103 was incomplete)
(\end occurred when \ifx on line 103 was incomplete)
(\end occurred when \ifx on line 103 was incomplete)
(\end occurred when \ifx on line 103 was incomplete)
(\end occurred when \ifnum on line 103 was incomplete)
(\end occurred when \ifnum on line 103 was incomplete)
(\end occurred when \ifnum on line 103 was incomplete)
(\end occurred when \ifnum on line 103 was incomplete)
(\end occurred when \ifx on line 103 was incomplete)
(\end occurred when \ifx on line 103 was incomplete)
(\end occurred when \ifx on line 103 was incomplete)
(\end occurred when \ifnum on line 103 was incomplete)
(\end occurred when \ifnum on line 103 was incomplete)
(\end occurred when \ifnum on line 103 was incomplete)
(\end occurred when \ifx on line 103 was incomplete)
(\end occurred when \ifx on line 103 was incomplete)
(\end occurred when \ifx on line 103 was incomplete)
(\end occurred when \ifnum on line 103 was incomplete)
(\end occurred when \ifnum on line 103 was incomplete)
(\end occurred when \ifx on line 103 was incomplete)
(\end occurred when \ifx on line 103 was incomplete)
(\end occurred when \ifx on line 103 was incomplete)
(\end occurred when \ifnum on line 103 was incomplete)
(\end occurred when \ifx on line 103 was incomplete)
(\end occurred when \ifx on line 103 was incomplete)
(\end occurred when \ifx on line 103 was incomplete)
(\end occurred when \ifnum on line 103 was incomplete)
(\end occurred when \ifx on line 103 was incomplete)
(\end occurred when \ifx on line 103 was incomplete)
(\end occurred when \ifnum on line 103 was incomplete)
(\end occurred when \ifx on line 103 was incomplete)
(\end occurred when \ifnum on line 103 was incomplete)
(\end occurred when \ifnum on line 103 was incomplete)
(\end occurred when \ifnum on line 102 was incomplete)
(\end occurred when \ifnum on line 102 was incomplete)
(\end occurred when \ifnum on line 102 was incomplete)
(\end occurred when \ifnum on line 102 was incomplete)
(\end occurred when \ifx on line 102 was incomplete)
(\end occurred when \ifx on line 102 was incomplete)
(\end occurred when \ifx on line 102 was incomplete)
(\end occurred when \ifnum on line 102 was incomplete)
(\end occurred when \ifnum on line 102 was incomplete)
(\end occurred when \ifnum on line 102 was incomplete)
(\end occurred when \ifnum on line 102 was incomplete)
(\end occurred when \ifx on line 102 was incomplete)
(\end occurred when \ifx on line 102 was incomplete)
(\end occurred when \ifx on line 102 was incomplete)
(\end occurred when \ifnum on line 102 was incomplete)
(\end occurred when \ifnum on line 102 was incomplete)
(\end occurred when \ifnum on line 102 was incomplete)
(\end occurred when \ifx on line 102 was incomplete)
(\end occurred when \ifx on line 102 was incomplete)
(\end occurred when \ifx on line 102 was incomplete)
(\end occurred when \ifnum on line 102 was incomplete)
(\end occurred when \ifnum on line 102 was incomplete)
(\end occurred when \ifx on line 102 was incomplete)
(\end occurred when \ifx on line 102 was incomplete)
(\end occurred when \ifx on line 102 was incomplete)
(\end occurred when \ifnum on line 102 was incomplete)
(\end occurred when \ifx on line 102 was incomplete)
(\end occurred when \ifx on line 102 was incomplete)
(\end occurred when \ifx on line 102 was incomplete)
(\end occurred when \ifnum on line 102 was incomplete)
(\end occurred when \ifx on line 102 was incomplete)
(\end occurred when \ifx on line 102 was incomplete)
(\end occurred when \ifnum on line 102 was incomplete)
(\end occurred when \ifx on line 102 was incomplete)
(\end occurred when \ifnum on line 102 was incomplete)
(\end occurred when \ifnum on line 102 was incomplete)
(\end occurred when \ifnum on line 101 was incomplete)
(\end occurred when \ifnum on line 101 was incomplete)
(\end occurred when \ifnum on line 101 was incomplete)
(\end occurred when \ifnum on line 101 was incomplete)
(\end occurred when \ifx on line 101 was incomplete)
(\end occurred when \ifx on line 101 was incomplete)
(\end occurred when \ifx on line 101 was incomplete)
(\end occurred when \ifnum on line 101 was incomplete)
(\end occurred when \ifnum on line 101 was incomplete)
(\end occurred when \ifnum on line 101 was incomplete)
(\end occurred when \ifnum on line 101 was incomplete)
(\end occurred when \ifx on line 101 was incomplete)
(\end occurred when \ifx on line 101 was incomplete)
(\end occurred when \ifx on line 101 was incomplete)
(\end occurred when \ifnum on line 101 was incomplete)
(\end occurred when \ifnum on line 101 was incomplete)
(\end occurred when \ifnum on line 101 was incomplete)
(\end occurred when \ifx on line 101 was incomplete)
(\end occurred when \ifx on line 101 was incomplete)
(\end occurred when \ifx on line 101 was incomplete)
(\end occurred when \ifnum on line 101 was incomplete)
(\end occurred when \ifnum on line 101 was incomplete)
(\end occurred when \ifx on line 101 was incomplete)
(\end occurred when \ifx on line 101 was incomplete)
(\end occurred when \ifx on line 101 was incomplete)
(\end occurred when \ifnum on line 101 was incomplete)
(\end occurred when \ifx on line 101 was incomplete)
(\end occurred when \ifx on line 101 was incomplete)
(\end occurred when \ifx on line 101 was incomplete)
(\end occurred when \ifnum on line 101 was incomplete)
(\end occurred when \ifx on line 101 was incomplete)
(\end occurred when \ifx on line 101 was incomplete)
(\end occurred when \ifnum on line 101 was incomplete)
(\end occurred when \ifx on line 101 was incomplete)
(\end occurred when \ifnum on line 101 was incomplete)
(\end occurred when \ifnum on line 101 was incomplete)
(\end occurred when \ifnum on line 100 was incomplete)
(\end occurred when \ifnum on line 100 was incomplete)
(\end occurred when \ifnum on line 100 was incomplete)
(\end occurred when \ifnum on line 100 was incomplete)
(\end occurred when \ifx on line 100 was incomplete)
(\end occurred when \ifx on line 100 was incomplete)
(\end occurred when \ifx on line 100 was incomplete)
(\end occurred when \ifnum on line 100 was incomplete)
(\end occurred when \ifnum on line 100 was incomplete)
(\end occurred when \ifnum on line 100 was incomplete)
(\end occurred when \ifnum on line 100 was incomplete)
(\end occurred when \ifx on line 100 was incomplete)
(\end occurred when \ifx on line 100 was incomplete)
(\end occurred when \ifx on line 100 was incomplete)
(\end occurred when \ifnum on line 100 was incomplete)
(\end occurred when \ifnum on line 100 was incomplete)
(\end occurred when \ifnum on line 100 was incomplete)
(\end occurred when \ifx on line 100 was incomplete)
(\end occurred when \ifx on line 100 was incomplete)
(\end occurred when \ifx on line 100 was incomplete)
(\end occurred when \ifnum on line 100 was incomplete)
(\end occurred when \ifnum on line 100 was incomplete)
(\end occurred when \ifx on line 100 was incomplete)
(\end occurred when \ifx on line 100 was incomplete)
(\end occurred when \ifx on line 100 was incomplete)
(\end occurred when \ifnum on line 100 was incomplete)
(\end occurred when \ifx on line 100 was incomplete)
(\end occurred when \ifx on line 100 was incomplete)
(\end occurred when \ifx on line 100 was incomplete)
(\end occurred when \ifnum on line 100 was incomplete)
(\end occurred when \ifx on line 100 was incomplete)
(\end occurred when \ifx on line 100 was incomplete)
(\end occurred when \ifnum on line 100 was incomplete)
(\end occurred when \ifx on line 100 was incomplete)
(\end occurred when \ifnum on line 100 was incomplete)
(\end occurred when \ifnum on line 100 was incomplete)
(\end occurred when \ifnum on line 99 was incomplete)
(\end occurred when \ifnum on line 99 was incomplete)
(\end occurred when \ifnum on line 99 was incomplete)
(\end occurred when \ifnum on line 99 was incomplete)
(\end occurred when \ifx on line 99 was incomplete)
(\end occurred when \ifx on line 99 was incomplete)
(\end occurred when \ifx on line 99 was incomplete)
(\end occurred when \ifnum on line 99 was incomplete)
(\end occurred when \ifnum on line 99 was incomplete)
(\end occurred when \ifnum on line 99 was incomplete)
(\end occurred when \ifnum on line 99 was incomplete)
(\end occurred when \ifx on line 99 was incomplete)
(\end occurred when \ifx on line 99 was incomplete)
(\end occurred when \ifx on line 99 was incomplete)
(\end occurred when \ifnum on line 99 was incomplete)
(\end occurred when \ifnum on line 99 was incomplete)
(\end occurred when \ifnum on line 99 was incomplete)
(\end occurred when \ifx on line 99 was incomplete)
(\end occurred when \ifx on line 99 was incomplete)
(\end occurred when \ifx on line 99 was incomplete)
(\end occurred when \ifnum on line 99 was incomplete)
(\end occurred when \ifnum on line 99 was incomplete)
(\end occurred when \ifx on line 99 was incomplete)
(\end occurred when \ifx on line 99 was incomplete)
(\end occurred when \ifx on line 99 was incomplete)
(\end occurred when \ifnum on line 99 was incomplete)
(\end occurred when \ifx on line 99 was incomplete)
(\end occurred when \ifx on line 99 was incomplete)
(\end occurred when \ifx on line 99 was incomplete)
(\end occurred when \ifnum on line 99 was incomplete)
(\end occurred when \ifx on line 99 was incomplete)
(\end occurred when \ifx on line 99 was incomplete)
(\end occurred when \ifnum on line 99 was incomplete)
(\end occurred when \ifx on line 99 was incomplete)
(\end occurred when \ifnum on line 99 was incomplete)
(\end occurred when \ifnum on line 99 was incomplete)
(\end occurred when \ifnum on line 97 was incomplete)
(\end occurred when \ifnum on line 97 was incomplete)
(\end occurred when \ifnum on line 97 was incomplete)
(\end occurred when \ifnum on line 97 was incomplete)
(\end occurred when \ifx on line 97 was incomplete)
(\end occurred when \ifx on line 97 was incomplete)
(\end occurred when \ifx on line 97 was incomplete)
(\end occurred when \ifnum on line 97 was incomplete)
(\end occurred when \ifnum on line 97 was incomplete)
(\end occurred when \ifnum on line 97 was incomplete)
(\end occurred when \ifnum on line 97 was incomplete)
(\end occurred when \ifx on line 97 was incomplete)
(\end occurred when \ifx on line 97 was incomplete)
(\end occurred when \ifx on line 97 was incomplete)
(\end occurred when \ifnum on line 97 was incomplete)
(\end occurred when \ifnum on line 97 was incomplete)
(\end occurred when \ifnum on line 97 was incomplete)
(\end occurred when \ifx on line 97 was incomplete)
(\end occurred when \ifx on line 97 was incomplete)
(\end occurred when \ifx on line 97 was incomplete)
(\end occurred when \ifnum on line 97 was incomplete)
(\end occurred when \ifnum on line 97 was incomplete)
(\end occurred when \ifx on line 97 was incomplete)
(\end occurred when \ifx on line 97 was incomplete)
(\end occurred when \ifx on line 97 was incomplete)
(\end occurred when \ifnum on line 97 was incomplete)
(\end occurred when \ifx on line 97 was incomplete)
(\end occurred when \ifx on line 97 was incomplete)
(\end occurred when \ifx on line 97 was incomplete)
(\end occurred when \ifnum on line 97 was incomplete)
(\end occurred when \ifx on line 97 was incomplete)
(\end occurred when \ifx on line 97 was incomplete)
(\end occurred when \ifnum on line 97 was incomplete)
(\end occurred when \ifx on line 97 was incomplete)
(\end occurred when \ifnum on line 97 was incomplete)
(\end occurred when \ifnum on line 97 was incomplete)
(\end occurred when \ifnum on line 96 was incomplete)
(\end occurred when \ifnum on line 96 was incomplete)
(\end occurred when \ifnum on line 96 was incomplete)
(\end occurred when \ifnum on line 96 was incomplete)
(\end occurred when \ifx on line 96 was incomplete)
(\end occurred when \ifx on line 96 was incomplete)
(\end occurred when \ifx on line 96 was incomplete)
(\end occurred when \ifnum on line 96 was incomplete)
(\end occurred when \ifnum on line 96 was incomplete)
(\end occurred when \ifnum on line 96 was incomplete)
(\end occurred when \ifnum on line 96 was incomplete)
(\end occurred when \ifx on line 96 was incomplete)
(\end occurred when \ifx on line 96 was incomplete)
(\end occurred when \ifx on line 96 was incomplete)
(\end occurred when \ifnum on line 96 was incomplete)
(\end occurred when \ifnum on line 96 was incomplete)
(\end occurred when \ifnum on line 96 was incomplete)
(\end occurred when \ifx on line 96 was incomplete)
(\end occurred when \ifx on line 96 was incomplete)
(\end occurred when \ifx on line 96 was incomplete)
(\end occurred when \ifnum on line 96 was incomplete)
(\end occurred when \ifnum on line 96 was incomplete)
(\end occurred when \ifx on line 96 was incomplete)
(\end occurred when \ifx on line 96 was incomplete)
(\end occurred when \ifx on line 96 was incomplete)
(\end occurred when \ifnum on line 96 was incomplete)
(\end occurred when \ifx on line 96 was incomplete)
(\end occurred when \ifx on line 96 was incomplete)
(\end occurred when \ifx on line 96 was incomplete)
(\end occurred when \ifnum on line 96 was incomplete)
(\end occurred when \ifx on line 96 was incomplete)
(\end occurred when \ifx on line 96 was incomplete)
(\end occurred when \ifnum on line 96 was incomplete)
(\end occurred when \ifx on line 96 was incomplete)
(\end occurred when \ifnum on line 96 was incomplete)
(\end occurred when \ifnum on line 96 was incomplete)
(\end occurred when \ifnum on line 95 was incomplete)
(\end occurred when \ifnum on line 95 was incomplete)
(\end occurred when \ifnum on line 95 was incomplete)
(\end occurred when \ifnum on line 95 was incomplete)
(\end occurred when \ifx on line 95 was incomplete)
(\end occurred when \ifx on line 95 was incomplete)
(\end occurred when \ifx on line 95 was incomplete)
(\end occurred when \ifnum on line 95 was incomplete)
(\end occurred when \ifnum on line 95 was incomplete)
(\end occurred when \ifnum on line 95 was incomplete)
(\end occurred when \ifnum on line 95 was incomplete)
(\end occurred when \ifx on line 95 was incomplete)
(\end occurred when \ifx on line 95 was incomplete)
(\end occurred when \ifx on line 95 was incomplete)
(\end occurred when \ifnum on line 95 was incomplete)
(\end occurred when \ifnum on line 95 was incomplete)
(\end occurred when \ifnum on line 95 was incomplete)
(\end occurred when \ifx on line 95 was incomplete)
(\end occurred when \ifx on line 95 was incomplete)
(\end occurred when \ifx on line 95 was incomplete)
(\end occurred when \ifnum on line 95 was incomplete)
(\end occurred when \ifnum on line 95 was incomplete)
(\end occurred when \ifx on line 95 was incomplete)
(\end occurred when \ifx on line 95 was incomplete)
(\end occurred when \ifx on line 95 was incomplete)
(\end occurred when \ifnum on line 95 was incomplete)
(\end occurred when \ifx on line 95 was incomplete)
(\end occurred when \ifx on line 95 was incomplete)
(\end occurred when \ifx on line 95 was incomplete)
(\end occurred when \ifnum on line 95 was incomplete)
(\end occurred when \ifx on line 95 was incomplete)
(\end occurred when \ifx on line 95 was incomplete)
(\end occurred when \ifnum on line 95 was incomplete)
(\end occurred when \ifx on line 95 was incomplete)
(\end occurred when \ifnum on line 95 was incomplete)
(\end occurred when \ifnum on line 95 was incomplete)
(\end occurred when \ifnum on line 94 was incomplete)
(\end occurred when \ifnum on line 94 was incomplete)
(\end occurred when \ifnum on line 94 was incomplete)
(\end occurred when \ifnum on line 94 was incomplete)
(\end occurred when \ifx on line 94 was incomplete)
(\end occurred when \ifx on line 94 was incomplete)
(\end occurred when \ifx on line 94 was incomplete)
(\end occurred when \ifnum on line 94 was incomplete)
(\end occurred when \ifnum on line 94 was incomplete)
(\end occurred when \ifnum on line 94 was incomplete)
(\end occurred when \ifnum on line 94 was incomplete)
(\end occurred when \ifx on line 94 was incomplete)
(\end occurred when \ifx on line 94 was incomplete)
(\end occurred when \ifx on line 94 was incomplete)
(\end occurred when \ifnum on line 94 was incomplete)
(\end occurred when \ifnum on line 94 was incomplete)
(\end occurred when \ifnum on line 94 was incomplete)
(\end occurred when \ifx on line 94 was incomplete)
(\end occurred when \ifx on line 94 was incomplete)
(\end occurred when \ifx on line 94 was incomplete)
(\end occurred when \ifnum on line 94 was incomplete)
(\end occurred when \ifnum on line 94 was incomplete)
(\end occurred when \ifx on line 94 was incomplete)
(\end occurred when \ifx on line 94 was incomplete)
(\end occurred when \ifx on line 94 was incomplete)
(\end occurred when \ifnum on line 94 was incomplete)
(\end occurred when \ifx on line 94 was incomplete)
(\end occurred when \ifx on line 94 was incomplete)
(\end occurred when \ifx on line 94 was incomplete)
(\end occurred when \ifnum on line 94 was incomplete)
(\end occurred when \ifx on line 94 was incomplete)
(\end occurred when \ifx on line 94 was incomplete)
(\end occurred when \ifnum on line 94 was incomplete)
(\end occurred when \ifx on line 94 was incomplete)
(\end occurred when \ifnum on line 94 was incomplete)
(\end occurred when \ifnum on line 94 was incomplete)
(\end occurred when \ifnum on line 92 was incomplete)
(\end occurred when \ifnum on line 92 was incomplete)
(\end occurred when \ifnum on line 92 was incomplete)
(\end occurred when \ifnum on line 92 was incomplete)
(\end occurred when \ifx on line 92 was incomplete)
(\end occurred when \ifx on line 92 was incomplete)
(\end occurred when \ifx on line 92 was incomplete)
(\end occurred when \ifnum on line 92 was incomplete)
(\end occurred when \ifnum on line 92 was incomplete)
(\end occurred when \ifnum on line 92 was incomplete)
(\end occurred when \ifnum on line 92 was incomplete)
(\end occurred when \ifx on line 92 was incomplete)
(\end occurred when \ifx on line 92 was incomplete)
(\end occurred when \ifx on line 92 was incomplete)
(\end occurred when \ifnum on line 92 was incomplete)
(\end occurred when \ifnum on line 92 was incomplete)
(\end occurred when \ifnum on line 92 was incomplete)
(\end occurred when \ifx on line 92 was incomplete)
(\end occurred when \ifx on line 92 was incomplete)
(\end occurred when \ifx on line 92 was incomplete)
(\end occurred when \ifnum on line 92 was incomplete)
(\end occurred when \ifnum on line 92 was incomplete)
(\end occurred when \ifx on line 92 was incomplete)
(\end occurred when \ifx on line 92 was incomplete)
(\end occurred when \ifx on line 92 was incomplete)
(\end occurred when \ifnum on line 92 was incomplete)
(\end occurred when \ifx on line 92 was incomplete)
(\end occurred when \ifx on line 92 was incomplete)
(\end occurred when \ifx on line 92 was incomplete)
(\end occurred when \ifnum on line 92 was incomplete)
(\end occurred when \ifx on line 92 was incomplete)
(\end occurred when \ifx on line 92 was incomplete)
(\end occurred when \ifnum on line 92 was incomplete)
(\end occurred when \ifx on line 92 was incomplete)
(\end occurred when \ifnum on line 92 was incomplete)
(\end occurred when \ifnum on line 92 was incomplete)
(\end occurred when \ifnum on line 91 was incomplete)
(\end occurred when \ifnum on line 91 was incomplete)
(\end occurred when \ifnum on line 91 was incomplete)
(\end occurred when \ifnum on line 91 was incomplete)
(\end occurred when \ifx on line 91 was incomplete)
(\end occurred when \ifx on line 91 was incomplete)
(\end occurred when \ifx on line 91 was incomplete)
(\end occurred when \ifnum on line 91 was incomplete)
(\end occurred when \ifnum on line 91 was incomplete)
(\end occurred when \ifnum on line 91 was incomplete)
(\end occurred when \ifnum on line 91 was incomplete)
(\end occurred when \ifx on line 91 was incomplete)
(\end occurred when \ifx on line 91 was incomplete)
(\end occurred when \ifx on line 91 was incomplete)
(\end occurred when \ifnum on line 91 was incomplete)
(\end occurred when \ifnum on line 91 was incomplete)
(\end occurred when \ifnum on line 91 was incomplete)
(\end occurred when \ifx on line 91 was incomplete)
(\end occurred when \ifx on line 91 was incomplete)
(\end occurred when \ifx on line 91 was incomplete)
(\end occurred when \ifnum on line 91 was incomplete)
(\end occurred when \ifnum on line 91 was incomplete)
(\end occurred when \ifx on line 91 was incomplete)
(\end occurred when \ifx on line 91 was incomplete)
(\end occurred when \ifx on line 91 was incomplete)
(\end occurred when \ifnum on line 91 was incomplete)
(\end occurred when \ifx on line 91 was incomplete)
(\end occurred when \ifx on line 91 was incomplete)
(\end occurred when \ifx on line 91 was incomplete)
(\end occurred when \ifnum on line 91 was incomplete)
(\end occurred when \ifx on line 91 was incomplete)
(\end occurred when \ifx on line 91 was incomplete)
(\end occurred when \ifnum on line 91 was incomplete)
(\end occurred when \ifx on line 91 was incomplete)
(\end occurred when \ifnum on line 91 was incomplete)
(\end occurred when \ifnum on line 91 was incomplete)
(\end occurred when \ifnum on line 90 was incomplete)
(\end occurred when \ifnum on line 90 was incomplete)
(\end occurred when \ifnum on line 90 was incomplete)
(\end occurred when \ifnum on line 90 was incomplete)
(\end occurred when \ifx on line 90 was incomplete)
(\end occurred when \ifx on line 90 was incomplete)
(\end occurred when \ifx on line 90 was incomplete)
(\end occurred when \ifnum on line 90 was incomplete)
(\end occurred when \ifnum on line 90 was incomplete)
(\end occurred when \ifnum on line 90 was incomplete)
(\end occurred when \ifnum on line 90 was incomplete)
(\end occurred when \ifx on line 90 was incomplete)
(\end occurred when \ifx on line 90 was incomplete)
(\end occurred when \ifx on line 90 was incomplete)
(\end occurred when \ifnum on line 90 was incomplete)
(\end occurred when \ifnum on line 90 was incomplete)
(\end occurred when \ifnum on line 90 was incomplete)
(\end occurred when \ifx on line 90 was incomplete)
(\end occurred when \ifx on line 90 was incomplete)
(\end occurred when \ifx on line 90 was incomplete)
(\end occurred when \ifnum on line 90 was incomplete)
(\end occurred when \ifnum on line 90 was incomplete)
(\end occurred when \ifx on line 90 was incomplete)
(\end occurred when \ifx on line 90 was incomplete)
(\end occurred when \ifx on line 90 was incomplete)
(\end occurred when \ifnum on line 90 was incomplete)
(\end occurred when \ifx on line 90 was incomplete)
(\end occurred when \ifx on line 90 was incomplete)
(\end occurred when \ifx on line 90 was incomplete)
(\end occurred when \ifnum on line 90 was incomplete)
(\end occurred when \ifx on line 90 was incomplete)
(\end occurred when \ifx on line 90 was incomplete)
(\end occurred when \ifnum on line 90 was incomplete)
(\end occurred when \ifx on line 90 was incomplete)
(\end occurred when \ifnum on line 90 was incomplete)
(\end occurred when \ifnum on line 90 was incomplete)
(\end occurred when \ifnum on line 88 was incomplete)
(\end occurred when \ifnum on line 88 was incomplete)
(\end occurred when \ifnum on line 88 was incomplete)
(\end occurred when \ifnum on line 88 was incomplete)
(\end occurred when \ifx on line 88 was incomplete)
(\end occurred when \ifx on line 88 was incomplete)
(\end occurred when \ifx on line 88 was incomplete)
(\end occurred when \ifnum on line 88 was incomplete)
(\end occurred when \ifnum on line 88 was incomplete)
(\end occurred when \ifnum on line 88 was incomplete)
(\end occurred when \ifnum on line 88 was incomplete)
(\end occurred when \ifx on line 88 was incomplete)
(\end occurred when \ifx on line 88 was incomplete)
(\end occurred when \ifx on line 88 was incomplete)
(\end occurred when \ifnum on line 88 was incomplete)
(\end occurred when \ifnum on line 88 was incomplete)
(\end occurred when \ifnum on line 88 was incomplete)
(\end occurred when \ifx on line 88 was incomplete)
(\end occurred when \ifx on line 88 was incomplete)
(\end occurred when \ifx on line 88 was incomplete)
(\end occurred when \ifnum on line 88 was incomplete)
(\end occurred when \ifnum on line 88 was incomplete)
(\end occurred when \ifx on line 88 was incomplete)
(\end occurred when \ifx on line 88 was incomplete)
(\end occurred when \ifx on line 88 was incomplete)
(\end occurred when \ifnum on line 88 was incomplete)
(\end occurred when \ifx on line 88 was incomplete)
(\end occurred when \ifx on line 88 was incomplete)
(\end occurred when \ifx on line 88 was incomplete)
(\end occurred when \ifnum on line 88 was incomplete)
(\end occurred when \ifx on line 88 was incomplete)
(\end occurred when \ifx on line 88 was incomplete)
(\end occurred when \ifnum on line 88 was incomplete)
(\end occurred when \ifx on line 88 was incomplete)
(\end occurred when \ifnum on line 88 was incomplete)
(\end occurred when \ifnum on line 88 was incomplete)
(\end occurred when \ifnum on line 87 was incomplete)
(\end occurred when \ifnum on line 87 was incomplete)
(\end occurred when \ifnum on line 87 was incomplete)
(\end occurred when \ifnum on line 87 was incomplete)
(\end occurred when \ifx on line 87 was incomplete)
(\end occurred when \ifx on line 87 was incomplete)
(\end occurred when \ifx on line 87 was incomplete)
(\end occurred when \ifnum on line 87 was incomplete)
(\end occurred when \ifnum on line 87 was incomplete)
(\end occurred when \ifnum on line 87 was incomplete)
(\end occurred when \ifnum on line 87 was incomplete)
(\end occurred when \ifx on line 87 was incomplete)
(\end occurred when \ifx on line 87 was incomplete)
(\end occurred when \ifx on line 87 was incomplete)
(\end occurred when \ifnum on line 87 was incomplete)
(\end occurred when \ifnum on line 87 was incomplete)
(\end occurred when \ifnum on line 87 was incomplete)
(\end occurred when \ifx on line 87 was incomplete)
(\end occurred when \ifx on line 87 was incomplete)
(\end occurred when \ifx on line 87 was incomplete)
(\end occurred when \ifnum on line 87 was incomplete)
(\end occurred when \ifnum on line 87 was incomplete)
(\end occurred when \ifx on line 87 was incomplete)
(\end occurred when \ifx on line 87 was incomplete)
(\end occurred when \ifx on line 87 was incomplete)
(\end occurred when \ifnum on line 87 was incomplete)
(\end occurred when \ifx on line 87 was incomplete)
(\end occurred when \ifx on line 87 was incomplete)
(\end occurred when \ifx on line 87 was incomplete)
(\end occurred when \ifnum on line 87 was incomplete)
(\end occurred when \ifx on line 87 was incomplete)
(\end occurred when \ifx on line 87 was incomplete)
(\end occurred when \ifnum on line 87 was incomplete)
(\end occurred when \ifx on line 87 was incomplete)
(\end occurred when \ifnum on line 87 was incomplete)
(\end occurred when \ifnum on line 87 was incomplete)
(\end occurred when \ifnum on line 86 was incomplete)
(\end occurred when \ifnum on line 86 was incomplete)
(\end occurred when \ifnum on line 86 was incomplete)
(\end occurred when \ifnum on line 86 was incomplete)
(\end occurred when \ifx on line 86 was incomplete)
(\end occurred when \ifx on line 86 was incomplete)
(\end occurred when \ifx on line 86 was incomplete)
(\end occurred when \ifnum on line 86 was incomplete)
(\end occurred when \ifnum on line 86 was incomplete)
(\end occurred when \ifnum on line 86 was incomplete)
(\end occurred when \ifnum on line 86 was incomplete)
(\end occurred when \ifx on line 86 was incomplete)
(\end occurred when \ifx on line 86 was incomplete)
(\end occurred when \ifx on line 86 was incomplete)
(\end occurred when \ifnum on line 86 was incomplete)
(\end occurred when \ifnum on line 86 was incomplete)
(\end occurred when \ifnum on line 86 was incomplete)
(\end occurred when \ifx on line 86 was incomplete)
(\end occurred when \ifx on line 86 was incomplete)
(\end occurred when \ifx on line 86 was incomplete)
(\end occurred when \ifnum on line 86 was incomplete)
(\end occurred when \ifnum on line 86 was incomplete)
(\end occurred when \ifx on line 86 was incomplete)
(\end occurred when \ifx on line 86 was incomplete)
(\end occurred when \ifx on line 86 was incomplete)
(\end occurred when \ifnum on line 86 was incomplete)
(\end occurred when \ifx on line 86 was incomplete)
(\end occurred when \ifx on line 86 was incomplete)
(\end occurred when \ifx on line 86 was incomplete)
(\end occurred when \ifnum on line 86 was incomplete)
(\end occurred when \ifx on line 86 was incomplete)
(\end occurred when \ifx on line 86 was incomplete)
(\end occurred when \ifnum on line 86 was incomplete)
(\end occurred when \ifx on line 86 was incomplete)
(\end occurred when \ifnum on line 86 was incomplete)
(\end occurred when \ifnum on line 86 was incomplete)
(\end occurred when \ifnum on line 84 was incomplete)
(\end occurred when \ifnum on line 84 was incomplete)
(\end occurred when \ifnum on line 84 was incomplete)
(\end occurred when \ifnum on line 84 was incomplete)
(\end occurred when \ifx on line 84 was incomplete)
(\end occurred when \ifx on line 84 was incomplete)
(\end occurred when \ifx on line 84 was incomplete)
(\end occurred when \ifnum on line 84 was incomplete)
(\end occurred when \ifnum on line 84 was incomplete)
(\end occurred when \ifnum on line 84 was incomplete)
(\end occurred when \ifnum on line 84 was incomplete)
(\end occurred when \ifx on line 84 was incomplete)
(\end occurred when \ifx on line 84 was incomplete)
(\end occurred when \ifx on line 84 was incomplete)
(\end occurred when \ifnum on line 84 was incomplete)
(\end occurred when \ifnum on line 84 was incomplete)
(\end occurred when \ifnum on line 84 was incomplete)
(\end occurred when \ifx on line 84 was incomplete)
(\end occurred when \ifx on line 84 was incomplete)
(\end occurred when \ifx on line 84 was incomplete)
(\end occurred when \ifnum on line 84 was incomplete)
(\end occurred when \ifnum on line 84 was incomplete)
(\end occurred when \ifx on line 84 was incomplete)
(\end occurred when \ifx on line 84 was incomplete)
(\end occurred when \ifx on line 84 was incomplete)
(\end occurred when \ifnum on line 84 was incomplete)
(\end occurred when \ifx on line 84 was incomplete)
(\end occurred when \ifx on line 84 was incomplete)
(\end occurred when \ifx on line 84 was incomplete)
(\end occurred when \ifnum on line 84 was incomplete)
(\end occurred when \ifx on line 84 was incomplete)
(\end occurred when \ifx on line 84 was incomplete)
(\end occurred when \ifnum on line 84 was incomplete)
(\end occurred when \ifx on line 84 was incomplete)
(\end occurred when \ifnum on line 84 was incomplete)
(\end occurred when \ifnum on line 84 was incomplete)
(\end occurred when \ifnum on line 83 was incomplete)
(\end occurred when \ifnum on line 83 was incomplete)
(\end occurred when \ifnum on line 83 was incomplete)
(\end occurred when \ifnum on line 83 was incomplete)
(\end occurred when \ifx on line 83 was incomplete)
(\end occurred when \ifx on line 83 was incomplete)
(\end occurred when \ifx on line 83 was incomplete)
(\end occurred when \ifnum on line 83 was incomplete)
(\end occurred when \ifnum on line 83 was incomplete)
(\end occurred when \ifnum on line 83 was incomplete)
(\end occurred when \ifnum on line 83 was incomplete)
(\end occurred when \ifx on line 83 was incomplete)
(\end occurred when \ifx on line 83 was incomplete)
(\end occurred when \ifx on line 83 was incomplete)
(\end occurred when \ifnum on line 83 was incomplete)
(\end occurred when \ifnum on line 83 was incomplete)
(\end occurred when \ifnum on line 83 was incomplete)
(\end occurred when \ifx on line 83 was incomplete)
(\end occurred when \ifx on line 83 was incomplete)
(\end occurred when \ifx on line 83 was incomplete)
(\end occurred when \ifnum on line 83 was incomplete)
(\end occurred when \ifnum on line 83 was incomplete)
(\end occurred when \ifx on line 83 was incomplete)
(\end occurred when \ifx on line 83 was incomplete)
(\end occurred when \ifx on line 83 was incomplete)
(\end occurred when \ifnum on line 83 was incomplete)
(\end occurred when \ifx on line 83 was incomplete)
(\end occurred when \ifx on line 83 was incomplete)
(\end occurred when \ifx on line 83 was incomplete)
(\end occurred when \ifnum on line 83 was incomplete)
(\end occurred when \ifx on line 83 was incomplete)
(\end occurred when \ifx on line 83 was incomplete)
(\end occurred when \ifnum on line 83 was incomplete)
(\end occurred when \ifx on line 83 was incomplete)
(\end occurred when \ifnum on line 83 was incomplete)
(\end occurred when \ifnum on line 83 was incomplete)
(\end occurred when \ifnum on line 81 was incomplete)
(\end occurred when \ifnum on line 81 was incomplete)
(\end occurred when \ifnum on line 81 was incomplete)
(\end occurred when \ifnum on line 81 was incomplete)
(\end occurred when \ifx on line 81 was incomplete)
(\end occurred when \ifx on line 81 was incomplete)
(\end occurred when \ifx on line 81 was incomplete)
(\end occurred when \ifnum on line 81 was incomplete)
(\end occurred when \ifnum on line 81 was incomplete)
(\end occurred when \ifnum on line 81 was incomplete)
(\end occurred when \ifnum on line 81 was incomplete)
(\end occurred when \ifx on line 81 was incomplete)
(\end occurred when \ifx on line 81 was incomplete)
(\end occurred when \ifx on line 81 was incomplete)
(\end occurred when \ifnum on line 81 was incomplete)
(\end occurred when \ifnum on line 81 was incomplete)
(\end occurred when \ifnum on line 81 was incomplete)
(\end occurred when \ifx on line 81 was incomplete)
(\end occurred when \ifx on line 81 was incomplete)
(\end occurred when \ifx on line 81 was incomplete)
(\end occurred when \ifnum on line 81 was incomplete)
(\end occurred when \ifnum on line 81 was incomplete)
(\end occurred when \ifx on line 81 was incomplete)
(\end occurred when \ifx on line 81 was incomplete)
(\end occurred when \ifx on line 81 was incomplete)
(\end occurred when \ifnum on line 81 was incomplete)
(\end occurred when \ifx on line 81 was incomplete)
(\end occurred when \ifx on line 81 was incomplete)
(\end occurred when \ifx on line 81 was incomplete)
(\end occurred when \ifnum on line 81 was incomplete)
(\end occurred when \ifx on line 81 was incomplete)
(\end occurred when \ifx on line 81 was incomplete)
(\end occurred when \ifnum on line 81 was incomplete)
(\end occurred when \ifx on line 81 was incomplete)
(\end occurred when \ifnum on line 81 was incomplete)
(\end occurred when \ifnum on line 81 was incomplete)
(\end occurred when \ifnum on line 80 was incomplete)
(\end occurred when \ifnum on line 80 was incomplete)
(\end occurred when \ifnum on line 80 was incomplete)
(\end occurred when \ifnum on line 80 was incomplete)
(\end occurred when \ifx on line 80 was incomplete)
(\end occurred when \ifx on line 80 was incomplete)
(\end occurred when \ifx on line 80 was incomplete)
(\end occurred when \ifnum on line 80 was incomplete)
(\end occurred when \ifnum on line 80 was incomplete)
(\end occurred when \ifnum on line 80 was incomplete)
(\end occurred when \ifnum on line 80 was incomplete)
(\end occurred when \ifx on line 80 was incomplete)
(\end occurred when \ifx on line 80 was incomplete)
(\end occurred when \ifx on line 80 was incomplete)
(\end occurred when \ifnum on line 80 was incomplete)
(\end occurred when \ifnum on line 80 was incomplete)
(\end occurred when \ifnum on line 80 was incomplete)
(\end occurred when \ifx on line 80 was incomplete)
(\end occurred when \ifx on line 80 was incomplete)
(\end occurred when \ifx on line 80 was incomplete)
(\end occurred when \ifnum on line 80 was incomplete)
(\end occurred when \ifnum on line 80 was incomplete)
(\end occurred when \ifx on line 80 was incomplete)
(\end occurred when \ifx on line 80 was incomplete)
(\end occurred when \ifx on line 80 was incomplete)
(\end occurred when \ifnum on line 80 was incomplete)
(\end occurred when \ifx on line 80 was incomplete)
(\end occurred when \ifx on line 80 was incomplete)
(\end occurred when \ifx on line 80 was incomplete)
(\end occurred when \ifnum on line 80 was incomplete)
(\end occurred when \ifx on line 80 was incomplete)
(\end occurred when \ifx on line 80 was incomplete)
(\end occurred when \ifnum on line 80 was incomplete)
(\end occurred when \ifx on line 80 was incomplete)
(\end occurred when \ifnum on line 80 was incomplete)
(\end occurred when \ifnum on line 80 was incomplete)
(\end occurred when \ifnum on line 79 was incomplete)
(\end occurred when \ifnum on line 79 was incomplete)
(\end occurred when \ifnum on line 79 was incomplete)
(\end occurred when \ifnum on line 79 was incomplete)
(\end occurred when \ifx on line 79 was incomplete)
(\end occurred when \ifx on line 79 was incomplete)
(\end occurred when \ifx on line 79 was incomplete)
(\end occurred when \ifnum on line 79 was incomplete)
(\end occurred when \ifnum on line 79 was incomplete)
(\end occurred when \ifnum on line 79 was incomplete)
(\end occurred when \ifnum on line 79 was incomplete)
(\end occurred when \ifx on line 79 was incomplete)
(\end occurred when \ifx on line 79 was incomplete)
(\end occurred when \ifx on line 79 was incomplete)
(\end occurred when \ifnum on line 79 was incomplete)
(\end occurred when \ifnum on line 79 was incomplete)
(\end occurred when \ifnum on line 79 was incomplete)
(\end occurred when \ifx on line 79 was incomplete)
(\end occurred when \ifx on line 79 was incomplete)
(\end occurred when \ifx on line 79 was incomplete)
(\end occurred when \ifnum on line 79 was incomplete)
(\end occurred when \ifnum on line 79 was incomplete)
(\end occurred when \ifx on line 79 was incomplete)
(\end occurred when \ifx on line 79 was incomplete)
(\end occurred when \ifx on line 79 was incomplete)
(\end occurred when \ifnum on line 79 was incomplete)
(\end occurred when \ifx on line 79 was incomplete)
(\end occurred when \ifx on line 79 was incomplete)
(\end occurred when \ifx on line 79 was incomplete)
(\end occurred when \ifnum on line 79 was incomplete)
(\end occurred when \ifx on line 79 was incomplete)
(\end occurred when \ifx on line 79 was incomplete)
(\end occurred when \ifnum on line 79 was incomplete)
(\end occurred when \ifx on line 79 was incomplete)
(\end occurred when \ifnum on line 79 was incomplete)
(\end occurred when \ifnum on line 79 was incomplete)
(\end occurred when \ifnum on line 78 was incomplete)
(\end occurred when \ifnum on line 78 was incomplete)
(\end occurred when \ifnum on line 78 was incomplete)
(\end occurred when \ifnum on line 78 was incomplete)
(\end occurred when \ifx on line 78 was incomplete)
(\end occurred when \ifx on line 78 was incomplete)
(\end occurred when \ifx on line 78 was incomplete)
(\end occurred when \ifnum on line 78 was incomplete)
(\end occurred when \ifnum on line 78 was incomplete)
(\end occurred when \ifnum on line 78 was incomplete)
(\end occurred when \ifnum on line 78 was incomplete)
(\end occurred when \ifx on line 78 was incomplete)
(\end occurred when \ifx on line 78 was incomplete)
(\end occurred when \ifx on line 78 was incomplete)
(\end occurred when \ifnum on line 78 was incomplete)
(\end occurred when \ifnum on line 78 was incomplete)
(\end occurred when \ifnum on line 78 was incomplete)
(\end occurred when \ifx on line 78 was incomplete)
(\end occurred when \ifx on line 78 was incomplete)
(\end occurred when \ifx on line 78 was incomplete)
(\end occurred when \ifnum on line 78 was incomplete)
(\end occurred when \ifnum on line 78 was incomplete)
(\end occurred when \ifx on line 78 was incomplete)
(\end occurred when \ifx on line 78 was incomplete)
(\end occurred when \ifx on line 78 was incomplete)
(\end occurred when \ifnum on line 78 was incomplete)
(\end occurred when \ifx on line 78 was incomplete)
(\end occurred when \ifx on line 78 was incomplete)
(\end occurred when \ifx on line 78 was incomplete)
(\end occurred when \ifnum on line 78 was incomplete)
(\end occurred when \ifx on line 78 was incomplete)
(\end occurred when \ifx on line 78 was incomplete)
(\end occurred when \ifnum on line 78 was incomplete)
(\end occurred when \ifx on line 78 was incomplete)
(\end occurred when \ifnum on line 78 was incomplete)
(\end occurred when \ifnum on line 78 was incomplete)
(\end occurred when \ifnum on line 77 was incomplete)
(\end occurred when \ifnum on line 77 was incomplete)
(\end occurred when \ifnum on line 77 was incomplete)
(\end occurred when \ifnum on line 77 was incomplete)
(\end occurred when \ifx on line 77 was incomplete)
(\end occurred when \ifx on line 77 was incomplete)
(\end occurred when \ifx on line 77 was incomplete)
(\end occurred when \ifnum on line 77 was incomplete)
(\end occurred when \ifnum on line 77 was incomplete)
(\end occurred when \ifnum on line 77 was incomplete)
(\end occurred when \ifnum on line 77 was incomplete)
(\end occurred when \ifx on line 77 was incomplete)
(\end occurred when \ifx on line 77 was incomplete)
(\end occurred when \ifx on line 77 was incomplete)
(\end occurred when \ifnum on line 77 was incomplete)
(\end occurred when \ifnum on line 77 was incomplete)
(\end occurred when \ifnum on line 77 was incomplete)
(\end occurred when \ifx on line 77 was incomplete)
(\end occurred when \ifx on line 77 was incomplete)
(\end occurred when \ifx on line 77 was incomplete)
(\end occurred when \ifnum on line 77 was incomplete)
(\end occurred when \ifnum on line 77 was incomplete)
(\end occurred when \ifx on line 77 was incomplete)
(\end occurred when \ifx on line 77 was incomplete)
(\end occurred when \ifx on line 77 was incomplete)
(\end occurred when \ifnum on line 77 was incomplete)
(\end occurred when \ifx on line 77 was incomplete)
(\end occurred when \ifx on line 77 was incomplete)
(\end occurred when \ifx on line 77 was incomplete)
(\end occurred when \ifnum on line 77 was incomplete)
(\end occurred when \ifx on line 77 was incomplete)
(\end occurred when \ifx on line 77 was incomplete)
(\end occurred when \ifnum on line 77 was incomplete)
(\end occurred when \ifx on line 77 was incomplete)
(\end occurred when \ifnum on line 77 was incomplete)
(\end occurred when \ifnum on line 77 was incomplete)
(\end occurred when \ifnum on line 76 was incomplete)
(\end occurred when \ifnum on line 76 was incomplete)
(\end occurred when \ifnum on line 76 was incomplete)
(\end occurred when \ifnum on line 76 was incomplete)
(\end occurred when \ifx on line 76 was incomplete)
(\end occurred when \ifx on line 76 was incomplete)
(\end occurred when \ifx on line 76 was incomplete)
(\end occurred when \ifnum on line 76 was incomplete)
(\end occurred when \ifnum on line 76 was incomplete)
(\end occurred when \ifnum on line 76 was incomplete)
(\end occurred when \ifnum on line 76 was incomplete)
(\end occurred when \ifx on line 76 was incomplete)
(\end occurred when \ifx on line 76 was incomplete)
(\end occurred when \ifx on line 76 was incomplete)
(\end occurred when \ifnum on line 76 was incomplete)
(\end occurred when \ifnum on line 76 was incomplete)
(\end occurred when \ifnum on line 76 was incomplete)
(\end occurred when \ifx on line 76 was incomplete)
(\end occurred when \ifx on line 76 was incomplete)
(\end occurred when \ifx on line 76 was incomplete)
(\end occurred when \ifnum on line 76 was incomplete)
(\end occurred when \ifnum on line 76 was incomplete)
(\end occurred when \ifx on line 76 was incomplete)
(\end occurred when \ifx on line 76 was incomplete)
(\end occurred when \ifx on line 76 was incomplete)
(\end occurred when \ifnum on line 76 was incomplete)
(\end occurred when \ifx on line 76 was incomplete)
(\end occurred when \ifx on line 76 was incomplete)
(\end occurred when \ifx on line 76 was incomplete)
(\end occurred when \ifnum on line 76 was incomplete)
(\end occurred when \ifx on line 76 was incomplete)
(\end occurred when \ifx on line 76 was incomplete)
(\end occurred when \ifnum on line 76 was incomplete)
(\end occurred when \ifx on line 76 was incomplete)
(\end occurred when \ifnum on line 76 was incomplete)
(\end occurred when \ifnum on line 76 was incomplete)
(\end occurred when \ifnum on line 74 was incomplete)
(\end occurred when \ifnum on line 74 was incomplete)
(\end occurred when \ifnum on line 74 was incomplete)
(\end occurred when \ifnum on line 74 was incomplete)
(\end occurred when \ifx on line 74 was incomplete)
(\end occurred when \ifx on line 74 was incomplete)
(\end occurred when \ifx on line 74 was incomplete)
(\end occurred when \ifnum on line 74 was incomplete)
(\end occurred when \ifnum on line 74 was incomplete)
(\end occurred when \ifnum on line 74 was incomplete)
(\end occurred when \ifnum on line 74 was incomplete)
(\end occurred when \ifx on line 74 was incomplete)
(\end occurred when \ifx on line 74 was incomplete)
(\end occurred when \ifx on line 74 was incomplete)
(\end occurred when \ifnum on line 74 was incomplete)
(\end occurred when \ifnum on line 74 was incomplete)
(\end occurred when \ifnum on line 74 was incomplete)
(\end occurred when \ifx on line 74 was incomplete)
(\end occurred when \ifx on line 74 was incomplete)
(\end occurred when \ifx on line 74 was incomplete)
(\end occurred when \ifnum on line 74 was incomplete)
(\end occurred when \ifnum on line 74 was incomplete)
(\end occurred when \ifx on line 74 was incomplete)
(\end occurred when \ifx on line 74 was incomplete)
(\end occurred when \ifx on line 74 was incomplete)
(\end occurred when \ifnum on line 74 was incomplete)
(\end occurred when \ifx on line 74 was incomplete)
(\end occurred when \ifx on line 74 was incomplete)
(\end occurred when \ifx on line 74 was incomplete)
(\end occurred when \ifnum on line 74 was incomplete)
(\end occurred when \ifx on line 74 was incomplete)
(\end occurred when \ifx on line 74 was incomplete)
(\end occurred when \ifnum on line 74 was incomplete)
(\end occurred when \ifx on line 74 was incomplete)
(\end occurred when \ifnum on line 74 was incomplete)
(\end occurred when \ifnum on line 74 was incomplete)
(\end occurred when \ifnum on line 73 was incomplete)
(\end occurred when \ifnum on line 73 was incomplete)
(\end occurred when \ifnum on line 73 was incomplete)
(\end occurred when \ifnum on line 73 was incomplete)
(\end occurred when \ifx on line 73 was incomplete)
(\end occurred when \ifx on line 73 was incomplete)
(\end occurred when \ifx on line 73 was incomplete)
(\end occurred when \ifnum on line 73 was incomplete)
(\end occurred when \ifnum on line 73 was incomplete)
(\end occurred when \ifnum on line 73 was incomplete)
(\end occurred when \ifnum on line 73 was incomplete)
(\end occurred when \ifx on line 73 was incomplete)
(\end occurred when \ifx on line 73 was incomplete)
(\end occurred when \ifx on line 73 was incomplete)
(\end occurred when \ifnum on line 73 was incomplete)
(\end occurred when \ifnum on line 73 was incomplete)
(\end occurred when \ifnum on line 73 was incomplete)
(\end occurred when \ifx on line 73 was incomplete)
(\end occurred when \ifx on line 73 was incomplete)
(\end occurred when \ifx on line 73 was incomplete)
(\end occurred when \ifnum on line 73 was incomplete)
(\end occurred when \ifnum on line 73 was incomplete)
(\end occurred when \ifx on line 73 was incomplete)
(\end occurred when \ifx on line 73 was incomplete)
(\end occurred when \ifx on line 73 was incomplete)
(\end occurred when \ifnum on line 73 was incomplete)
(\end occurred when \ifx on line 73 was incomplete)
(\end occurred when \ifx on line 73 was incomplete)
(\end occurred when \ifx on line 73 was incomplete)
(\end occurred when \ifnum on line 73 was incomplete)
(\end occurred when \ifx on line 73 was incomplete)
(\end occurred when \ifx on line 73 was incomplete)
(\end occurred when \ifnum on line 73 was incomplete)
(\end occurred when \ifx on line 73 was incomplete)
(\end occurred when \ifnum on line 73 was incomplete)
(\end occurred when \ifnum on line 73 was incomplete)
(\end occurred when \ifnum on line 72 was incomplete)
(\end occurred when \ifnum on line 72 was incomplete)
(\end occurred when \ifnum on line 72 was incomplete)
(\end occurred when \ifnum on line 72 was incomplete)
(\end occurred when \ifx on line 72 was incomplete)
(\end occurred when \ifx on line 72 was incomplete)
(\end occurred when \ifx on line 72 was incomplete)
(\end occurred when \ifnum on line 72 was incomplete)
(\end occurred when \ifnum on line 72 was incomplete)
(\end occurred when \ifnum on line 72 was incomplete)
(\end occurred when \ifnum on line 72 was incomplete)
(\end occurred when \ifx on line 72 was incomplete)
(\end occurred when \ifx on line 72 was incomplete)
(\end occurred when \ifx on line 72 was incomplete)
(\end occurred when \ifnum on line 72 was incomplete)
(\end occurred when \ifnum on line 72 was incomplete)
(\end occurred when \ifnum on line 72 was incomplete)
(\end occurred when \ifx on line 72 was incomplete)
(\end occurred when \ifx on line 72 was incomplete)
(\end occurred when \ifx on line 72 was incomplete)
(\end occurred when \ifnum on line 72 was incomplete)
(\end occurred when \ifnum on line 72 was incomplete)
(\end occurred when \ifx on line 72 was incomplete)
(\end occurred when \ifx on line 72 was incomplete)
(\end occurred when \ifx on line 72 was incomplete)
(\end occurred when \ifnum on line 72 was incomplete)
(\end occurred when \ifx on line 72 was incomplete)
(\end occurred when \ifx on line 72 was incomplete)
(\end occurred when \ifx on line 72 was incomplete)
(\end occurred when \ifnum on line 72 was incomplete)
(\end occurred when \ifx on line 72 was incomplete)
(\end occurred when \ifx on line 72 was incomplete)
(\end occurred when \ifnum on line 72 was incomplete)
(\end occurred when \ifx on line 72 was incomplete)
(\end occurred when \ifnum on line 72 was incomplete)
(\end occurred when \ifnum on line 72 was incomplete)
(\end occurred when \ifnum on line 70 was incomplete)
(\end occurred when \ifnum on line 70 was incomplete)
(\end occurred when \ifnum on line 70 was incomplete)
(\end occurred when \ifnum on line 70 was incomplete)
(\end occurred when \ifx on line 70 was incomplete)
(\end occurred when \ifx on line 70 was incomplete)
(\end occurred when \ifx on line 70 was incomplete)
(\end occurred when \ifnum on line 70 was incomplete)
(\end occurred when \ifnum on line 70 was incomplete)
(\end occurred when \ifnum on line 70 was incomplete)
(\end occurred when \ifnum on line 70 was incomplete)
(\end occurred when \ifx on line 70 was incomplete)
(\end occurred when \ifx on line 70 was incomplete)
(\end occurred when \ifx on line 70 was incomplete)
(\end occurred when \ifnum on line 70 was incomplete)
(\end occurred when \ifnum on line 70 was incomplete)
(\end occurred when \ifnum on line 70 was incomplete)
(\end occurred when \ifx on line 70 was incomplete)
(\end occurred when \ifx on line 70 was incomplete)
(\end occurred when \ifx on line 70 was incomplete)
(\end occurred when \ifnum on line 70 was incomplete)
(\end occurred when \ifnum on line 70 was incomplete)
(\end occurred when \ifx on line 70 was incomplete)
(\end occurred when \ifx on line 70 was incomplete)
(\end occurred when \ifx on line 70 was incomplete)
(\end occurred when \ifnum on line 70 was incomplete)
(\end occurred when \ifx on line 70 was incomplete)
(\end occurred when \ifx on line 70 was incomplete)
(\end occurred when \ifx on line 70 was incomplete)
(\end occurred when \ifnum on line 70 was incomplete)
(\end occurred when \ifx on line 70 was incomplete)
(\end occurred when \ifx on line 70 was incomplete)
(\end occurred when \ifnum on line 70 was incomplete)
(\end occurred when \ifx on line 70 was incomplete)
(\end occurred when \ifnum on line 70 was incomplete)
(\end occurred when \ifnum on line 70 was incomplete)
(\end occurred when \ifnum on line 69 was incomplete)
(\end occurred when \ifnum on line 69 was incomplete)
(\end occurred when \ifnum on line 69 was incomplete)
(\end occurred when \ifnum on line 69 was incomplete)
(\end occurred when \ifx on line 69 was incomplete)
(\end occurred when \ifx on line 69 was incomplete)
(\end occurred when \ifx on line 69 was incomplete)
(\end occurred when \ifnum on line 69 was incomplete)
(\end occurred when \ifnum on line 69 was incomplete)
(\end occurred when \ifnum on line 69 was incomplete)
(\end occurred when \ifnum on line 69 was incomplete)
(\end occurred when \ifx on line 69 was incomplete)
(\end occurred when \ifx on line 69 was incomplete)
(\end occurred when \ifx on line 69 was incomplete)
(\end occurred when \ifnum on line 69 was incomplete)
(\end occurred when \ifnum on line 69 was incomplete)
(\end occurred when \ifnum on line 69 was incomplete)
(\end occurred when \ifx on line 69 was incomplete)
(\end occurred when \ifx on line 69 was incomplete)
(\end occurred when \ifx on line 69 was incomplete)
(\end occurred when \ifnum on line 69 was incomplete)
(\end occurred when \ifnum on line 69 was incomplete)
(\end occurred when \ifx on line 69 was incomplete)
(\end occurred when \ifx on line 69 was incomplete)
(\end occurred when \ifx on line 69 was incomplete)
(\end occurred when \ifnum on line 69 was incomplete)
(\end occurred when \ifx on line 69 was incomplete)
(\end occurred when \ifx on line 69 was incomplete)
(\end occurred when \ifx on line 69 was incomplete)
(\end occurred when \ifnum on line 69 was incomplete)
(\end occurred when \ifx on line 69 was incomplete)
(\end occurred when \ifx on line 69 was incomplete)
(\end occurred when \ifnum on line 69 was incomplete)
(\end occurred when \ifx on line 69 was incomplete)
(\end occurred when \ifnum on line 69 was incomplete)
(\end occurred when \ifnum on line 69 was incomplete)
(\end occurred when \ifnum on line 67 was incomplete)
(\end occurred when \ifnum on line 67 was incomplete)
(\end occurred when \ifnum on line 67 was incomplete)
(\end occurred when \ifnum on line 67 was incomplete)
(\end occurred when \ifx on line 67 was incomplete)
(\end occurred when \ifx on line 67 was incomplete)
(\end occurred when \ifx on line 67 was incomplete)
(\end occurred when \ifnum on line 67 was incomplete)
(\end occurred when \ifnum on line 67 was incomplete)
(\end occurred when \ifnum on line 67 was incomplete)
(\end occurred when \ifnum on line 67 was incomplete)
(\end occurred when \ifx on line 67 was incomplete)
(\end occurred when \ifx on line 67 was incomplete)
(\end occurred when \ifx on line 67 was incomplete)
(\end occurred when \ifnum on line 67 was incomplete)
(\end occurred when \ifnum on line 67 was incomplete)
(\end occurred when \ifnum on line 67 was incomplete)
(\end occurred when \ifx on line 67 was incomplete)
(\end occurred when \ifx on line 67 was incomplete)
(\end occurred when \ifx on line 67 was incomplete)
(\end occurred when \ifnum on line 67 was incomplete)
(\end occurred when \ifnum on line 67 was incomplete)
(\end occurred when \ifx on line 67 was incomplete)
(\end occurred when \ifx on line 67 was incomplete)
(\end occurred when \ifx on line 67 was incomplete)
(\end occurred when \ifnum on line 67 was incomplete)
(\end occurred when \ifx on line 67 was incomplete)
(\end occurred when \ifx on line 67 was incomplete)
(\end occurred when \ifx on line 67 was incomplete)
(\end occurred when \ifnum on line 67 was incomplete)
(\end occurred when \ifx on line 67 was incomplete)
(\end occurred when \ifx on line 67 was incomplete)
(\end occurred when \ifnum on line 67 was incomplete)
(\end occurred when \ifx on line 67 was incomplete)
(\end occurred when \ifnum on line 67 was incomplete)
(\end occurred when \ifnum on line 67 was incomplete)
(\end occurred when \ifnum on line 65 was incomplete)
(\end occurred when \ifnum on line 65 was incomplete)
(\end occurred when \ifnum on line 65 was incomplete)
(\end occurred when \ifnum on line 65 was incomplete)
(\end occurred when \ifx on line 65 was incomplete)
(\end occurred when \ifx on line 65 was incomplete)
(\end occurred when \ifx on line 65 was incomplete)
(\end occurred when \ifnum on line 65 was incomplete)
(\end occurred when \ifnum on line 65 was incomplete)
(\end occurred when \ifnum on line 65 was incomplete)
(\end occurred when \ifnum on line 65 was incomplete)
(\end occurred when \ifx on line 65 was incomplete)
(\end occurred when \ifx on line 65 was incomplete)
(\end occurred when \ifx on line 65 was incomplete)
(\end occurred when \ifnum on line 65 was incomplete)
(\end occurred when \ifnum on line 65 was incomplete)
(\end occurred when \ifnum on line 65 was incomplete)
(\end occurred when \ifx on line 65 was incomplete)
(\end occurred when \ifx on line 65 was incomplete)
(\end occurred when \ifx on line 65 was incomplete)
(\end occurred when \ifnum on line 65 was incomplete)
(\end occurred when \ifnum on line 65 was incomplete)
(\end occurred when \ifx on line 65 was incomplete)
(\end occurred when \ifx on line 65 was incomplete)
(\end occurred when \ifx on line 65 was incomplete)
(\end occurred when \ifnum on line 65 was incomplete)
(\end occurred when \ifx on line 65 was incomplete)
(\end occurred when \ifx on line 65 was incomplete)
(\end occurred when \ifx on line 65 was incomplete)
(\end occurred when \ifnum on line 65 was incomplete)
(\end occurred when \ifx on line 65 was incomplete)
(\end occurred when \ifx on line 65 was incomplete)
(\end occurred when \ifnum on line 65 was incomplete)
(\end occurred when \ifx on line 65 was incomplete)
(\end occurred when \ifnum on line 65 was incomplete)
(\end occurred when \ifnum on line 65 was incomplete)
(\end occurred when \ifnum on line 64 was incomplete)
(\end occurred when \ifnum on line 64 was incomplete)
(\end occurred when \ifnum on line 64 was incomplete)
(\end occurred when \ifnum on line 64 was incomplete)
(\end occurred when \ifx on line 64 was incomplete)
(\end occurred when \ifx on line 64 was incomplete)
(\end occurred when \ifx on line 64 was incomplete)
(\end occurred when \ifnum on line 64 was incomplete)
(\end occurred when \ifnum on line 64 was incomplete)
(\end occurred when \ifnum on line 64 was incomplete)
(\end occurred when \ifnum on line 64 was incomplete)
(\end occurred when \ifx on line 64 was incomplete)
(\end occurred when \ifx on line 64 was incomplete)
(\end occurred when \ifx on line 64 was incomplete)
(\end occurred when \ifnum on line 64 was incomplete)
(\end occurred when \ifnum on line 64 was incomplete)
(\end occurred when \ifnum on line 64 was incomplete)
(\end occurred when \ifx on line 64 was incomplete)
(\end occurred when \ifx on line 64 was incomplete)
(\end occurred when \ifx on line 64 was incomplete)
(\end occurred when \ifnum on line 64 was incomplete)
(\end occurred when \ifnum on line 64 was incomplete)
(\end occurred when \ifx on line 64 was incomplete)
(\end occurred when \ifx on line 64 was incomplete)
(\end occurred when \ifx on line 64 was incomplete)
(\end occurred when \ifnum on line 64 was incomplete)
(\end occurred when \ifx on line 64 was incomplete)
(\end occurred when \ifx on line 64 was incomplete)
(\end occurred when \ifx on line 64 was incomplete)
(\end occurred when \ifnum on line 64 was incomplete)
(\end occurred when \ifx on line 64 was incomplete)
(\end occurred when \ifx on line 64 was incomplete)
(\end occurred when \ifnum on line 64 was incomplete)
(\end occurred when \ifx on line 64 was incomplete)
(\end occurred when \ifnum on line 64 was incomplete)
(\end occurred when \ifnum on line 64 was incomplete)
(\end occurred when \ifnum on line 62 was incomplete)
(\end occurred when \ifnum on line 62 was incomplete)
(\end occurred when \ifnum on line 62 was incomplete)
(\end occurred when \ifnum on line 62 was incomplete)
(\end occurred when \ifx on line 62 was incomplete)
(\end occurred when \ifx on line 62 was incomplete)
(\end occurred when \ifx on line 62 was incomplete)
(\end occurred when \ifnum on line 62 was incomplete)
(\end occurred when \ifnum on line 62 was incomplete)
(\end occurred when \ifnum on line 62 was incomplete)
(\end occurred when \ifnum on line 62 was incomplete)
(\end occurred when \ifx on line 62 was incomplete)
(\end occurred when \ifx on line 62 was incomplete)
(\end occurred when \ifx on line 62 was incomplete)
(\end occurred when \ifnum on line 62 was incomplete)
(\end occurred when \ifnum on line 62 was incomplete)
(\end occurred when \ifnum on line 62 was incomplete)
(\end occurred when \ifx on line 62 was incomplete)
(\end occurred when \ifx on line 62 was incomplete)
(\end occurred when \ifx on line 62 was incomplete)
(\end occurred when \ifnum on line 62 was incomplete)
(\end occurred when \ifnum on line 62 was incomplete)
(\end occurred when \ifx on line 62 was incomplete)
(\end occurred when \ifx on line 62 was incomplete)
(\end occurred when \ifx on line 62 was incomplete)
(\end occurred when \ifnum on line 62 was incomplete)
(\end occurred when \ifx on line 62 was incomplete)
(\end occurred when \ifx on line 62 was incomplete)
(\end occurred when \ifx on line 62 was incomplete)
(\end occurred when \ifnum on line 62 was incomplete)
(\end occurred when \ifx on line 62 was incomplete)
(\end occurred when \ifx on line 62 was incomplete)
(\end occurred when \ifnum on line 62 was incomplete)
(\end occurred when \ifx on line 62 was incomplete)
(\end occurred when \ifnum on line 62 was incomplete)
(\end occurred when \ifnum on line 62 was incomplete)
(\end occurred when \ifnum on line 61 was incomplete)
(\end occurred when \ifnum on line 61 was incomplete)
(\end occurred when \ifnum on line 61 was incomplete)
(\end occurred when \ifnum on line 61 was incomplete)
(\end occurred when \ifx on line 61 was incomplete)
(\end occurred when \ifx on line 61 was incomplete)
(\end occurred when \ifx on line 61 was incomplete)
(\end occurred when \ifnum on line 61 was incomplete)
(\end occurred when \ifnum on line 61 was incomplete)
(\end occurred when \ifnum on line 61 was incomplete)
(\end occurred when \ifnum on line 61 was incomplete)
(\end occurred when \ifx on line 61 was incomplete)
(\end occurred when \ifx on line 61 was incomplete)
(\end occurred when \ifx on line 61 was incomplete)
(\end occurred when \ifnum on line 61 was incomplete)
(\end occurred when \ifnum on line 61 was incomplete)
(\end occurred when \ifnum on line 61 was incomplete)
(\end occurred when \ifx on line 61 was incomplete)
(\end occurred when \ifx on line 61 was incomplete)
(\end occurred when \ifx on line 61 was incomplete)
(\end occurred when \ifnum on line 61 was incomplete)
(\end occurred when \ifnum on line 61 was incomplete)
(\end occurred when \ifx on line 61 was incomplete)
(\end occurred when \ifx on line 61 was incomplete)
(\end occurred when \ifx on line 61 was incomplete)
(\end occurred when \ifnum on line 61 was incomplete)
(\end occurred when \ifx on line 61 was incomplete)
(\end occurred when \ifx on line 61 was incomplete)
(\end occurred when \ifx on line 61 was incomplete)
(\end occurred when \ifnum on line 61 was incomplete)
(\end occurred when \ifx on line 61 was incomplete)
(\end occurred when \ifx on line 61 was incomplete)
(\end occurred when \ifnum on line 61 was incomplete)
(\end occurred when \ifx on line 61 was incomplete)
(\end occurred when \ifnum on line 61 was incomplete)
(\end occurred when \ifnum on line 61 was incomplete)
(\end occurred when \ifnum on line 60 was incomplete)
(\end occurred when \ifnum on line 60 was incomplete)
(\end occurred when \ifnum on line 60 was incomplete)
(\end occurred when \ifnum on line 60 was incomplete)
(\end occurred when \ifx on line 60 was incomplete)
(\end occurred when \ifx on line 60 was incomplete)
(\end occurred when \ifx on line 60 was incomplete)
(\end occurred when \ifnum on line 60 was incomplete)
(\end occurred when \ifnum on line 60 was incomplete)
(\end occurred when \ifnum on line 60 was incomplete)
(\end occurred when \ifnum on line 60 was incomplete)
(\end occurred when \ifx on line 60 was incomplete)
(\end occurred when \ifx on line 60 was incomplete)
(\end occurred when \ifx on line 60 was incomplete)
(\end occurred when \ifnum on line 60 was incomplete)
(\end occurred when \ifnum on line 60 was incomplete)
(\end occurred when \ifnum on line 60 was incomplete)
(\end occurred when \ifx on line 60 was incomplete)
(\end occurred when \ifx on line 60 was incomplete)
(\end occurred when \ifx on line 60 was incomplete)
(\end occurred when \ifnum on line 60 was incomplete)
(\end occurred when \ifnum on line 60 was incomplete)
(\end occurred when \ifx on line 60 was incomplete)
(\end occurred when \ifx on line 60 was incomplete)
(\end occurred when \ifx on line 60 was incomplete)
(\end occurred when \ifnum on line 60 was incomplete)
(\end occurred when \ifx on line 60 was incomplete)
(\end occurred when \ifx on line 60 was incomplete)
(\end occurred when \ifx on line 60 was incomplete)
(\end occurred when \ifnum on line 60 was incomplete)
(\end occurred when \ifx on line 60 was incomplete)
(\end occurred when \ifx on line 60 was incomplete)
(\end occurred when \ifnum on line 60 was incomplete)
(\end occurred when \ifx on line 60 was incomplete)
(\end occurred when \ifnum on line 60 was incomplete)
(\end occurred when \ifnum on line 60 was incomplete)
(\end occurred when \ifnum on line 59 was incomplete)
(\end occurred when \ifnum on line 59 was incomplete)
(\end occurred when \ifnum on line 59 was incomplete)
(\end occurred when \ifnum on line 59 was incomplete)
(\end occurred when \ifx on line 59 was incomplete)
(\end occurred when \ifx on line 59 was incomplete)
(\end occurred when \ifx on line 59 was incomplete)
(\end occurred when \ifnum on line 59 was incomplete)
(\end occurred when \ifnum on line 59 was incomplete)
(\end occurred when \ifnum on line 59 was incomplete)
(\end occurred when \ifnum on line 59 was incomplete)
(\end occurred when \ifx on line 59 was incomplete)
(\end occurred when \ifx on line 59 was incomplete)
(\end occurred when \ifx on line 59 was incomplete)
(\end occurred when \ifnum on line 59 was incomplete)
(\end occurred when \ifnum on line 59 was incomplete)
(\end occurred when \ifnum on line 59 was incomplete)
(\end occurred when \ifx on line 59 was incomplete)
(\end occurred when \ifx on line 59 was incomplete)
(\end occurred when \ifx on line 59 was incomplete)
(\end occurred when \ifnum on line 59 was incomplete)
(\end occurred when \ifnum on line 59 was incomplete)
(\end occurred when \ifx on line 59 was incomplete)
(\end occurred when \ifx on line 59 was incomplete)
(\end occurred when \ifx on line 59 was incomplete)
(\end occurred when \ifnum on line 59 was incomplete)
(\end occurred when \ifx on line 59 was incomplete)
(\end occurred when \ifx on line 59 was incomplete)
(\end occurred when \ifx on line 59 was incomplete)
(\end occurred when \ifnum on line 59 was incomplete)
(\end occurred when \ifx on line 59 was incomplete)
(\end occurred when \ifx on line 59 was incomplete)
(\end occurred when \ifnum on line 59 was incomplete)
(\end occurred when \ifx on line 59 was incomplete)
(\end occurred when \ifnum on line 59 was incomplete)
(\end occurred when \ifnum on line 59 was incomplete)
(\end occurred when \ifnum on line 57 was incomplete)
(\end occurred when \ifnum on line 57 was incomplete)
(\end occurred when \ifnum on line 57 was incomplete)
(\end occurred when \ifnum on line 57 was incomplete)
(\end occurred when \ifx on line 57 was incomplete)
(\end occurred when \ifx on line 57 was incomplete)
(\end occurred when \ifx on line 57 was incomplete)
(\end occurred when \ifnum on line 57 was incomplete)
(\end occurred when \ifnum on line 57 was incomplete)
(\end occurred when \ifnum on line 57 was incomplete)
(\end occurred when \ifnum on line 57 was incomplete)
(\end occurred when \ifx on line 57 was incomplete)
(\end occurred when \ifx on line 57 was incomplete)
(\end occurred when \ifx on line 57 was incomplete)
(\end occurred when \ifnum on line 57 was incomplete)
(\end occurred when \ifnum on line 57 was incomplete)
(\end occurred when \ifnum on line 57 was incomplete)
(\end occurred when \ifx on line 57 was incomplete)
(\end occurred when \ifx on line 57 was incomplete)
(\end occurred when \ifx on line 57 was incomplete)
(\end occurred when \ifnum on line 57 was incomplete)
(\end occurred when \ifnum on line 57 was incomplete)
(\end occurred when \ifx on line 57 was incomplete)
(\end occurred when \ifx on line 57 was incomplete)
(\end occurred when \ifx on line 57 was incomplete)
(\end occurred when \ifnum on line 57 was incomplete)
(\end occurred when \ifx on line 57 was incomplete)
(\end occurred when \ifx on line 57 was incomplete)
(\end occurred when \ifx on line 57 was incomplete)
(\end occurred when \ifnum on line 57 was incomplete)
(\end occurred when \ifx on line 57 was incomplete)
(\end occurred when \ifx on line 57 was incomplete)
(\end occurred when \ifnum on line 57 was incomplete)
(\end occurred when \ifx on line 57 was incomplete)
(\end occurred when \ifnum on line 57 was incomplete)
(\end occurred when \ifnum on line 57 was incomplete)
(\end occurred when \ifnum on line 56 was incomplete)
(\end occurred when \ifnum on line 56 was incomplete)
(\end occurred when \ifnum on line 56 was incomplete)
(\end occurred when \ifnum on line 56 was incomplete)
(\end occurred when \ifx on line 56 was incomplete)
(\end occurred when \ifx on line 56 was incomplete)
(\end occurred when \ifx on line 56 was incomplete)
(\end occurred when \ifnum on line 56 was incomplete)
(\end occurred when \ifnum on line 56 was incomplete)
(\end occurred when \ifnum on line 56 was incomplete)
(\end occurred when \ifnum on line 56 was incomplete)
(\end occurred when \ifx on line 56 was incomplete)
(\end occurred when \ifx on line 56 was incomplete)
(\end occurred when \ifx on line 56 was incomplete)
(\end occurred when \ifnum on line 56 was incomplete)
(\end occurred when \ifnum on line 56 was incomplete)
(\end occurred when \ifnum on line 56 was incomplete)
(\end occurred when \ifx on line 56 was incomplete)
(\end occurred when \ifx on line 56 was incomplete)
(\end occurred when \ifx on line 56 was incomplete)
(\end occurred when \ifnum on line 56 was incomplete)
(\end occurred when \ifnum on line 56 was incomplete)
(\end occurred when \ifx on line 56 was incomplete)
(\end occurred when \ifx on line 56 was incomplete)
(\end occurred when \ifx on line 56 was incomplete)
(\end occurred when \ifnum on line 56 was incomplete)
(\end occurred when \ifx on line 56 was incomplete)
(\end occurred when \ifx on line 56 was incomplete)
(\end occurred when \ifx on line 56 was incomplete)
(\end occurred when \ifnum on line 56 was incomplete)
(\end occurred when \ifx on line 56 was incomplete)
(\end occurred when \ifx on line 56 was incomplete)
(\end occurred when \ifnum on line 56 was incomplete)
(\end occurred when \ifx on line 56 was incomplete)
(\end occurred when \ifnum on line 56 was incomplete)
(\end occurred when \ifnum on line 56 was incomplete)
(\end occurred when \ifnum on line 55 was incomplete)
(\end occurred when \ifnum on line 55 was incomplete)
(\end occurred when \ifnum on line 55 was incomplete)
(\end occurred when \ifnum on line 55 was incomplete)
(\end occurred when \ifx on line 55 was incomplete)
(\end occurred when \ifx on line 55 was incomplete)
(\end occurred when \ifx on line 55 was incomplete)
(\end occurred when \ifnum on line 55 was incomplete)
(\end occurred when \ifnum on line 55 was incomplete)
(\end occurred when \ifnum on line 55 was incomplete)
(\end occurred when \ifnum on line 55 was incomplete)
(\end occurred when \ifx on line 55 was incomplete)
(\end occurred when \ifx on line 55 was incomplete)
(\end occurred when \ifx on line 55 was incomplete)
(\end occurred when \ifnum on line 55 was incomplete)
(\end occurred when \ifnum on line 55 was incomplete)
(\end occurred when \ifnum on line 55 was incomplete)
(\end occurred when \ifx on line 55 was incomplete)
(\end occurred when \ifx on line 55 was incomplete)
(\end occurred when \ifx on line 55 was incomplete)
(\end occurred when \ifnum on line 55 was incomplete)
(\end occurred when \ifnum on line 55 was incomplete)
(\end occurred when \ifx on line 55 was incomplete)
(\end occurred when \ifx on line 55 was incomplete)
(\end occurred when \ifx on line 55 was incomplete)
(\end occurred when \ifnum on line 55 was incomplete)
(\end occurred when \ifx on line 55 was incomplete)
(\end occurred when \ifx on line 55 was incomplete)
(\end occurred when \ifx on line 55 was incomplete)
(\end occurred when \ifnum on line 55 was incomplete)
(\end occurred when \ifx on line 55 was incomplete)
(\end occurred when \ifx on line 55 was incomplete)
(\end occurred when \ifnum on line 55 was incomplete)
(\end occurred when \ifx on line 55 was incomplete)
(\end occurred when \ifnum on line 55 was incomplete)
(\end occurred when \ifnum on line 55 was incomplete)
(\end occurred when \ifnum on line 54 was incomplete)
(\end occurred when \ifnum on line 54 was incomplete)
(\end occurred when \ifnum on line 54 was incomplete)
(\end occurred when \ifnum on line 54 was incomplete)
(\end occurred when \ifx on line 54 was incomplete)
(\end occurred when \ifx on line 54 was incomplete)
(\end occurred when \ifx on line 54 was incomplete)
(\end occurred when \ifnum on line 54 was incomplete)
(\end occurred when \ifnum on line 54 was incomplete)
(\end occurred when \ifnum on line 54 was incomplete)
(\end occurred when \ifnum on line 54 was incomplete)
(\end occurred when \ifx on line 54 was incomplete)
(\end occurred when \ifx on line 54 was incomplete)
(\end occurred when \ifx on line 54 was incomplete)
(\end occurred when \ifnum on line 54 was incomplete)
(\end occurred when \ifnum on line 54 was incomplete)
(\end occurred when \ifnum on line 54 was incomplete)
(\end occurred when \ifx on line 54 was incomplete)
(\end occurred when \ifx on line 54 was incomplete)
(\end occurred when \ifx on line 54 was incomplete)
(\end occurred when \ifnum on line 54 was incomplete)
(\end occurred when \ifnum on line 54 was incomplete)
(\end occurred when \ifx on line 54 was incomplete)
(\end occurred when \ifx on line 54 was incomplete)
(\end occurred when \ifx on line 54 was incomplete)
(\end occurred when \ifnum on line 54 was incomplete)
(\end occurred when \ifx on line 54 was incomplete)
(\end occurred when \ifx on line 54 was incomplete)
(\end occurred when \ifx on line 54 was incomplete)
(\end occurred when \ifnum on line 54 was incomplete)
(\end occurred when \ifx on line 54 was incomplete)
(\end occurred when \ifx on line 54 was incomplete)
(\end occurred when \ifnum on line 54 was incomplete)
(\end occurred when \ifx on line 54 was incomplete)
(\end occurred when \ifnum on line 54 was incomplete)
(\end occurred when \ifnum on line 54 was incomplete)
(\end occurred when \ifnum on line 53 was incomplete)
(\end occurred when \ifnum on line 53 was incomplete)
(\end occurred when \ifnum on line 53 was incomplete)
(\end occurred when \ifnum on line 53 was incomplete)
(\end occurred when \ifx on line 53 was incomplete)
(\end occurred when \ifx on line 53 was incomplete)
(\end occurred when \ifx on line 53 was incomplete)
(\end occurred when \ifnum on line 53 was incomplete)
(\end occurred when \ifnum on line 53 was incomplete)
(\end occurred when \ifnum on line 53 was incomplete)
(\end occurred when \ifnum on line 53 was incomplete)
(\end occurred when \ifx on line 53 was incomplete)
(\end occurred when \ifx on line 53 was incomplete)
(\end occurred when \ifx on line 53 was incomplete)
(\end occurred when \ifnum on line 53 was incomplete)
(\end occurred when \ifnum on line 53 was incomplete)
(\end occurred when \ifnum on line 53 was incomplete)
(\end occurred when \ifx on line 53 was incomplete)
(\end occurred when \ifx on line 53 was incomplete)
(\end occurred when \ifx on line 53 was incomplete)
(\end occurred when \ifnum on line 53 was incomplete)
(\end occurred when \ifnum on line 53 was incomplete)
(\end occurred when \ifx on line 53 was incomplete)
(\end occurred when \ifx on line 53 was incomplete)
(\end occurred when \ifx on line 53 was incomplete)
(\end occurred when \ifnum on line 53 was incomplete)
(\end occurred when \ifx on line 53 was incomplete)
(\end occurred when \ifx on line 53 was incomplete)
(\end occurred when \ifx on line 53 was incomplete)
(\end occurred when \ifnum on line 53 was incomplete)
(\end occurred when \ifx on line 53 was incomplete)
(\end occurred when \ifx on line 53 was incomplete)
(\end occurred when \ifnum on line 53 was incomplete)
(\end occurred when \ifx on line 53 was incomplete)
(\end occurred when \ifnum on line 53 was incomplete)
(\end occurred when \ifnum on line 53 was incomplete)
(\end occurred when \ifnum on line 51 was incomplete)
(\end occurred when \ifnum on line 51 was incomplete)
(\end occurred when \ifnum on line 51 was incomplete)
(\end occurred when \ifnum on line 51 was incomplete)
(\end occurred when \ifx on line 51 was incomplete)
(\end occurred when \ifx on line 51 was incomplete)
(\end occurred when \ifx on line 51 was incomplete)
(\end occurred when \ifnum on line 51 was incomplete)
(\end occurred when \ifnum on line 51 was incomplete)
(\end occurred when \ifnum on line 51 was incomplete)
(\end occurred when \ifnum on line 51 was incomplete)
(\end occurred when \ifx on line 51 was incomplete)
(\end occurred when \ifx on line 51 was incomplete)
(\end occurred when \ifx on line 51 was incomplete)
(\end occurred when \ifnum on line 51 was incomplete)
(\end occurred when \ifnum on line 51 was incomplete)
(\end occurred when \ifnum on line 51 was incomplete)
(\end occurred when \ifx on line 51 was incomplete)
(\end occurred when \ifx on line 51 was incomplete)
(\end occurred when \ifx on line 51 was incomplete)
(\end occurred when \ifnum on line 51 was incomplete)
(\end occurred when \ifnum on line 51 was incomplete)
(\end occurred when \ifx on line 51 was incomplete)
(\end occurred when \ifx on line 51 was incomplete)
(\end occurred when \ifx on line 51 was incomplete)
(\end occurred when \ifnum on line 51 was incomplete)
(\end occurred when \ifx on line 51 was incomplete)
(\end occurred when \ifx on line 51 was incomplete)
(\end occurred when \ifx on line 51 was incomplete)
(\end occurred when \ifnum on line 51 was incomplete)
(\end occurred when \ifx on line 51 was incomplete)
(\end occurred when \ifx on line 51 was incomplete)
(\end occurred when \ifnum on line 51 was incomplete)
(\end occurred when \ifx on line 51 was incomplete)
(\end occurred when \ifnum on line 51 was incomplete)
(\end occurred when \ifnum on line 51 was incomplete)
(\end occurred when \ifnum on line 50 was incomplete)
(\end occurred when \ifnum on line 50 was incomplete)
(\end occurred when \ifnum on line 50 was incomplete)
(\end occurred when \ifnum on line 50 was incomplete)
(\end occurred when \ifx on line 50 was incomplete)
(\end occurred when \ifx on line 50 was incomplete)
(\end occurred when \ifx on line 50 was incomplete)
(\end occurred when \ifnum on line 50 was incomplete)
(\end occurred when \ifnum on line 50 was incomplete)
(\end occurred when \ifnum on line 50 was incomplete)
(\end occurred when \ifnum on line 50 was incomplete)
(\end occurred when \ifx on line 50 was incomplete)
(\end occurred when \ifx on line 50 was incomplete)
(\end occurred when \ifx on line 50 was incomplete)
(\end occurred when \ifnum on line 50 was incomplete)
(\end occurred when \ifnum on line 50 was incomplete)
(\end occurred when \ifnum on line 50 was incomplete)
(\end occurred when \ifx on line 50 was incomplete)
(\end occurred when \ifx on line 50 was incomplete)
(\end occurred when \ifx on line 50 was incomplete)
(\end occurred when \ifnum on line 50 was incomplete)
(\end occurred when \ifnum on line 50 was incomplete)
(\end occurred when \ifx on line 50 was incomplete)
(\end occurred when \ifx on line 50 was incomplete)
(\end occurred when \ifx on line 50 was incomplete)
(\end occurred when \ifnum on line 50 was incomplete)
(\end occurred when \ifx on line 50 was incomplete)
(\end occurred when \ifx on line 50 was incomplete)
(\end occurred when \ifx on line 50 was incomplete)
(\end occurred when \ifnum on line 50 was incomplete)
(\end occurred when \ifx on line 50 was incomplete)
(\end occurred when \ifx on line 50 was incomplete)
(\end occurred when \ifnum on line 50 was incomplete)
(\end occurred when \ifx on line 50 was incomplete)
(\end occurred when \ifnum on line 50 was incomplete)
(\end occurred when \ifnum on line 50 was incomplete)
(\end occurred when \ifnum on line 48 was incomplete)
(\end occurred when \ifnum on line 48 was incomplete)
(\end occurred when \ifnum on line 48 was incomplete)
(\end occurred when \ifnum on line 48 was incomplete)
(\end occurred when \ifx on line 48 was incomplete)
(\end occurred when \ifx on line 48 was incomplete)
(\end occurred when \ifx on line 48 was incomplete)
(\end occurred when \ifnum on line 48 was incomplete)
(\end occurred when \ifnum on line 48 was incomplete)
(\end occurred when \ifnum on line 48 was incomplete)
(\end occurred when \ifnum on line 48 was incomplete)
(\end occurred when \ifx on line 48 was incomplete)
(\end occurred when \ifx on line 48 was incomplete)
(\end occurred when \ifx on line 48 was incomplete)
(\end occurred when \ifnum on line 48 was incomplete)
(\end occurred when \ifnum on line 48 was incomplete)
(\end occurred when \ifnum on line 48 was incomplete)
(\end occurred when \ifx on line 48 was incomplete)
(\end occurred when \ifx on line 48 was incomplete)
(\end occurred when \ifx on line 48 was incomplete)
(\end occurred when \ifnum on line 48 was incomplete)
(\end occurred when \ifnum on line 48 was incomplete)
(\end occurred when \ifx on line 48 was incomplete)
(\end occurred when \ifx on line 48 was incomplete)
(\end occurred when \ifx on line 48 was incomplete)
(\end occurred when \ifnum on line 48 was incomplete)
(\end occurred when \ifx on line 48 was incomplete)
(\end occurred when \ifx on line 48 was incomplete)
(\end occurred when \ifx on line 48 was incomplete)
(\end occurred when \ifnum on line 48 was incomplete)
(\end occurred when \ifx on line 48 was incomplete)
(\end occurred when \ifx on line 48 was incomplete)
(\end occurred when \ifnum on line 48 was incomplete)
(\end occurred when \ifx on line 48 was incomplete)
(\end occurred when \ifnum on line 48 was incomplete)
(\end occurred when \ifnum on line 48 was incomplete)
(\end occurred when \ifnum on line 47 was incomplete)
(\end occurred when \ifnum on line 47 was incomplete)
(\end occurred when \ifnum on line 47 was incomplete)
(\end occurred when \ifnum on line 47 was incomplete)
(\end occurred when \ifx on line 47 was incomplete)
(\end occurred when \ifx on line 47 was incomplete)
(\end occurred when \ifx on line 47 was incomplete)
(\end occurred when \ifnum on line 47 was incomplete)
(\end occurred when \ifnum on line 47 was incomplete)
(\end occurred when \ifnum on line 47 was incomplete)
(\end occurred when \ifnum on line 47 was incomplete)
(\end occurred when \ifx on line 47 was incomplete)
(\end occurred when \ifx on line 47 was incomplete)
(\end occurred when \ifx on line 47 was incomplete)
(\end occurred when \ifnum on line 47 was incomplete)
(\end occurred when \ifnum on line 47 was incomplete)
(\end occurred when \ifnum on line 47 was incomplete)
(\end occurred when \ifx on line 47 was incomplete)
(\end occurred when \ifx on line 47 was incomplete)
(\end occurred when \ifx on line 47 was incomplete)
(\end occurred when \ifnum on line 47 was incomplete)
(\end occurred when \ifnum on line 47 was incomplete)
(\end occurred when \ifx on line 47 was incomplete)
(\end occurred when \ifx on line 47 was incomplete)
(\end occurred when \ifx on line 47 was incomplete)
(\end occurred when \ifnum on line 47 was incomplete)
(\end occurred when \ifx on line 47 was incomplete)
(\end occurred when \ifx on line 47 was incomplete)
(\end occurred when \ifx on line 47 was incomplete)
(\end occurred when \ifnum on line 47 was incomplete)
(\end occurred when \ifx on line 47 was incomplete)
(\end occurred when \ifx on line 47 was incomplete)
(\end occurred when \ifnum on line 47 was incomplete)
(\end occurred when \ifx on line 47 was incomplete)
(\end occurred when \ifnum on line 47 was incomplete)
(\end occurred when \ifnum on line 47 was incomplete)
(\end occurred when \ifnum on line 46 was incomplete)
(\end occurred when \ifnum on line 46 was incomplete)
(\end occurred when \ifnum on line 46 was incomplete)
(\end occurred when \ifnum on line 46 was incomplete)
(\end occurred when \ifx on line 46 was incomplete)
(\end occurred when \ifx on line 46 was incomplete)
(\end occurred when \ifx on line 46 was incomplete)
(\end occurred when \ifnum on line 46 was incomplete)
(\end occurred when \ifnum on line 46 was incomplete)
(\end occurred when \ifnum on line 46 was incomplete)
(\end occurred when \ifnum on line 46 was incomplete)
(\end occurred when \ifx on line 46 was incomplete)
(\end occurred when \ifx on line 46 was incomplete)
(\end occurred when \ifx on line 46 was incomplete)
(\end occurred when \ifnum on line 46 was incomplete)
(\end occurred when \ifnum on line 46 was incomplete)
(\end occurred when \ifnum on line 46 was incomplete)
(\end occurred when \ifx on line 46 was incomplete)
(\end occurred when \ifx on line 46 was incomplete)
(\end occurred when \ifx on line 46 was incomplete)
(\end occurred when \ifnum on line 46 was incomplete)
(\end occurred when \ifnum on line 46 was incomplete)
(\end occurred when \ifx on line 46 was incomplete)
(\end occurred when \ifx on line 46 was incomplete)
(\end occurred when \ifx on line 46 was incomplete)
(\end occurred when \ifnum on line 46 was incomplete)
(\end occurred when \ifx on line 46 was incomplete)
(\end occurred when \ifx on line 46 was incomplete)
(\end occurred when \ifx on line 46 was incomplete)
(\end occurred when \ifnum on line 46 was incomplete)
(\end occurred when \ifx on line 46 was incomplete)
(\end occurred when \ifx on line 46 was incomplete)
(\end occurred when \ifnum on line 46 was incomplete)
(\end occurred when \ifx on line 46 was incomplete)
(\end occurred when \ifnum on line 46 was incomplete)
(\end occurred when \ifnum on line 46 was incomplete)
(\end occurred when \ifnum on line 45 was incomplete)
(\end occurred when \ifnum on line 45 was incomplete)
(\end occurred when \ifnum on line 45 was incomplete)
(\end occurred when \ifnum on line 45 was incomplete)
(\end occurred when \ifx on line 45 was incomplete)
(\end occurred when \ifx on line 45 was incomplete)
(\end occurred when \ifx on line 45 was incomplete)
(\end occurred when \ifnum on line 45 was incomplete)
(\end occurred when \ifnum on line 45 was incomplete)
(\end occurred when \ifnum on line 45 was incomplete)
(\end occurred when \ifnum on line 45 was incomplete)
(\end occurred when \ifx on line 45 was incomplete)
(\end occurred when \ifx on line 45 was incomplete)
(\end occurred when \ifx on line 45 was incomplete)
(\end occurred when \ifnum on line 45 was incomplete)
(\end occurred when \ifnum on line 45 was incomplete)
(\end occurred when \ifnum on line 45 was incomplete)
(\end occurred when \ifx on line 45 was incomplete)
(\end occurred when \ifx on line 45 was incomplete)
(\end occurred when \ifx on line 45 was incomplete)
(\end occurred when \ifnum on line 45 was incomplete)
(\end occurred when \ifnum on line 45 was incomplete)
(\end occurred when \ifx on line 45 was incomplete)
(\end occurred when \ifx on line 45 was incomplete)
(\end occurred when \ifx on line 45 was incomplete)
(\end occurred when \ifnum on line 45 was incomplete)
(\end occurred when \ifx on line 45 was incomplete)
(\end occurred when \ifx on line 45 was incomplete)
(\end occurred when \ifx on line 45 was incomplete)
(\end occurred when \ifnum on line 45 was incomplete)
(\end occurred when \ifx on line 45 was incomplete)
(\end occurred when \ifx on line 45 was incomplete)
(\end occurred when \ifnum on line 45 was incomplete)
(\end occurred when \ifx on line 45 was incomplete)
(\end occurred when \ifnum on line 45 was incomplete)
(\end occurred when \ifnum on line 45 was incomplete)
(\end occurred when \ifnum on line 43 was incomplete)
(\end occurred when \ifnum on line 43 was incomplete)
(\end occurred when \ifnum on line 43 was incomplete)
(\end occurred when \ifnum on line 43 was incomplete)
(\end occurred when \ifx on line 43 was incomplete)
(\end occurred when \ifx on line 43 was incomplete)
(\end occurred when \ifx on line 43 was incomplete)
(\end occurred when \ifnum on line 43 was incomplete)
(\end occurred when \ifnum on line 43 was incomplete)
(\end occurred when \ifnum on line 43 was incomplete)
(\end occurred when \ifnum on line 43 was incomplete)
(\end occurred when \ifx on line 43 was incomplete)
(\end occurred when \ifx on line 43 was incomplete)
(\end occurred when \ifx on line 43 was incomplete)
(\end occurred when \ifnum on line 43 was incomplete)
(\end occurred when \ifnum on line 43 was incomplete)
(\end occurred when \ifnum on line 43 was incomplete)
(\end occurred when \ifx on line 43 was incomplete)
(\end occurred when \ifx on line 43 was incomplete)
(\end occurred when \ifx on line 43 was incomplete)
(\end occurred when \ifnum on line 43 was incomplete)
(\end occurred when \ifnum on line 43 was incomplete)
(\end occurred when \ifx on line 43 was incomplete)
(\end occurred when \ifx on line 43 was incomplete)
(\end occurred when \ifx on line 43 was incomplete)
(\end occurred when \ifnum on line 43 was incomplete)
(\end occurred when \ifx on line 43 was incomplete)
(\end occurred when \ifx on line 43 was incomplete)
(\end occurred when \ifx on line 43 was incomplete)
(\end occurred when \ifnum on line 43 was incomplete)
(\end occurred when \ifx on line 43 was incomplete)
(\end occurred when \ifx on line 43 was incomplete)
(\end occurred when \ifnum on line 43 was incomplete)
(\end occurred when \ifx on line 43 was incomplete)
(\end occurred when \ifnum on line 43 was incomplete)
(\end occurred when \ifnum on line 43 was incomplete)
(\end occurred when \ifnum on line 41 was incomplete)
(\end occurred when \ifnum on line 41 was incomplete)
(\end occurred when \ifnum on line 41 was incomplete)
(\end occurred when \ifnum on line 41 was incomplete)
(\end occurred when \ifx on line 41 was incomplete)
(\end occurred when \ifx on line 41 was incomplete)
(\end occurred when \ifx on line 41 was incomplete)
(\end occurred when \ifnum on line 41 was incomplete)
(\end occurred when \ifnum on line 41 was incomplete)
(\end occurred when \ifnum on line 41 was incomplete)
(\end occurred when \ifnum on line 41 was incomplete)
(\end occurred when \ifx on line 41 was incomplete)
(\end occurred when \ifx on line 41 was incomplete)
(\end occurred when \ifx on line 41 was incomplete)
(\end occurred when \ifnum on line 41 was incomplete)
(\end occurred when \ifnum on line 41 was incomplete)
(\end occurred when \ifnum on line 41 was incomplete)
(\end occurred when \ifx on line 41 was incomplete)
(\end occurred when \ifx on line 41 was incomplete)
(\end occurred when \ifx on line 41 was incomplete)
(\end occurred when \ifnum on line 41 was incomplete)
(\end occurred when \ifnum on line 41 was incomplete)
(\end occurred when \ifx on line 41 was incomplete)
(\end occurred when \ifx on line 41 was incomplete)
(\end occurred when \ifx on line 41 was incomplete)
(\end occurred when \ifnum on line 41 was incomplete)
(\end occurred when \ifx on line 41 was incomplete)
(\end occurred when \ifx on line 41 was incomplete)
(\end occurred when \ifx on line 41 was incomplete)
(\end occurred when \ifnum on line 41 was incomplete)
(\end occurred when \ifx on line 41 was incomplete)
(\end occurred when \ifx on line 41 was incomplete)
(\end occurred when \ifnum on line 41 was incomplete)
(\end occurred when \ifx on line 41 was incomplete)
(\end occurred when \ifnum on line 41 was incomplete)
(\end occurred when \ifnum on line 41 was incomplete)
(\end occurred when \ifnum on line 40 was incomplete)
(\end occurred when \ifnum on line 40 was incomplete)
(\end occurred when \ifnum on line 40 was incomplete)
(\end occurred when \ifnum on line 40 was incomplete)
(\end occurred when \ifx on line 40 was incomplete)
(\end occurred when \ifx on line 40 was incomplete)
(\end occurred when \ifx on line 40 was incomplete)
(\end occurred when \ifnum on line 40 was incomplete)
(\end occurred when \ifnum on line 40 was incomplete)
(\end occurred when \ifnum on line 40 was incomplete)
(\end occurred when \ifnum on line 40 was incomplete)
(\end occurred when \ifx on line 40 was incomplete)
(\end occurred when \ifx on line 40 was incomplete)
(\end occurred when \ifx on line 40 was incomplete)
(\end occurred when \ifnum on line 40 was incomplete)
(\end occurred when \ifnum on line 40 was incomplete)
(\end occurred when \ifnum on line 40 was incomplete)
(\end occurred when \ifx on line 40 was incomplete)
(\end occurred when \ifx on line 40 was incomplete)
(\end occurred when \ifx on line 40 was incomplete)
(\end occurred when \ifnum on line 40 was incomplete)
(\end occurred when \ifnum on line 40 was incomplete)
(\end occurred when \ifx on line 40 was incomplete)
(\end occurred when \ifx on line 40 was incomplete)
(\end occurred when \ifx on line 40 was incomplete)
(\end occurred when \ifnum on line 40 was incomplete)
(\end occurred when \ifx on line 40 was incomplete)
(\end occurred when \ifx on line 40 was incomplete)
(\end occurred when \ifx on line 40 was incomplete)
(\end occurred when \ifnum on line 40 was incomplete)
(\end occurred when \ifx on line 40 was incomplete)
(\end occurred when \ifx on line 40 was incomplete)
(\end occurred when \ifnum on line 40 was incomplete)
(\end occurred when \ifx on line 40 was incomplete)
(\end occurred when \ifnum on line 40 was incomplete)
(\end occurred when \ifnum on line 40 was incomplete)
(\end occurred when \ifnum on line 34 was incomplete)
(\end occurred when \ifnum on line 34 was incomplete)
(\end occurred when \ifnum on line 34 was incomplete)
(\end occurred when \ifnum on line 34 was incomplete)
(\end occurred when \ifx on line 34 was incomplete)
(\end occurred when \ifx on line 34 was incomplete)
(\end occurred when \ifx on line 34 was incomplete)
(\end occurred when \ifnum on line 34 was incomplete)
(\end occurred when \ifnum on line 33 was incomplete)
(\end occurred when \ifnum on line 33 was incomplete)
(\end occurred when \ifnum on line 33 was incomplete)
(\end occurred when \ifx on line 33 was incomplete)
(\end occurred when \ifx on line 33 was incomplete)
(\end occurred when \ifx on line 33 was incomplete)
(\end occurred when \ifnum on line 33 was incomplete)
(\end occurred when \ifnum on line 32 was incomplete)
(\end occurred when \ifnum on line 32 was incomplete)
(\end occurred when \ifx on line 32 was incomplete)
(\end occurred when \ifx on line 32 was incomplete)
(\end occurred when \ifx on line 32 was incomplete)
(\end occurred when \ifnum on line 32 was incomplete)
(\end occurred when \ifnum on line 31 was incomplete)
(\end occurred when \ifx on line 31 was incomplete)
(\end occurred when \ifx on line 31 was incomplete)
(\end occurred when \ifx on line 31 was incomplete)
(\end occurred when \ifnum on line 31 was incomplete)
(\end occurred when \ifx on line 30 was incomplete)
(\end occurred when \ifx on line 30 was incomplete)
(\end occurred when \ifx on line 30 was incomplete)
(\end occurred when \ifnum on line 30 was incomplete)
(\end occurred when \ifx on line 29 was incomplete)
(\end occurred when \ifx on line 29 was incomplete)
(\end occurred when \ifnum on line 29 was incomplete)
(\end occurred when \ifx on line 28 was incomplete)
(\end occurred when \ifnum on line 28 was incomplete)
(\end occurred when \ifnum on line 27 was incomplete)
(\end occurred when \ifnum on line 22 was incomplete)
(\end occurred when \ifnum on line 22 was incomplete)
(\end occurred when \ifnum on line 22 was incomplete)
(\end occurred when \ifnum on line 22 was incomplete)
(\end occurred when \ifx on line 22 was incomplete)
(\end occurred when \ifx on line 22 was incomplete)
(\end occurred when \ifx on line 22 was incomplete)
(\end occurred when \ifnum on line 22 was incomplete)
(\end occurred when \ifnum on line 22 was incomplete)
(\end occurred when \ifnum on line 22 was incomplete)
(\end occurred when \ifnum on line 22 was incomplete)
(\end occurred when \ifx on line 22 was incomplete)
(\end occurred when \ifx on line 22 was incomplete)
(\end occurred when \ifx on line 22 was incomplete)
(\end occurred when \ifnum on line 22 was incomplete)
(\end occurred when \ifnum on line 22 was incomplete)
(\end occurred when \ifnum on line 22 was incomplete)
(\end occurred when \ifx on line 22 was incomplete)
(\end occurred when \ifx on line 22 was incomplete)
(\end occurred when \ifx on line 22 was incomplete)
(\end occurred when \ifnum on line 22 was incomplete)
(\end occurred when \ifnum on line 22 was incomplete)
(\end occurred when \ifx on line 22 was incomplete)
(\end occurred when \ifx on line 22 was incomplete)
(\end occurred when \ifx on line 22 was incomplete)
(\end occurred when \ifnum on line 22 was incomplete)
(\end occurred when \ifx on line 22 was incomplete)
(\end occurred when \ifx on line 22 was incomplete)
(\end occurred when \ifx on line 22 was incomplete)
(\end occurred when \ifnum on line 22 was incomplete)
(\end occurred when \ifx on line 22 was incomplete)
(\end occurred when \ifx on line 22 was incomplete)
(\end occurred when \ifnum on line 22 was incomplete)
(\end occurred when \ifx on line 22 was incomplete)
(\end occurred when \ifnum on line 22 was incomplete)
(\end occurred when \ifnum on line 22 was incomplete)
(\end occurred when \ifnum on line 19 was incomplete)
(\end occurred when \ifnum on line 19 was incomplete)
(\end occurred when \ifnum on line 19 was incomplete)
(\end occurred when \ifnum on line 19 was incomplete)
(\end occurred when \ifx on line 19 was incomplete)
(\end occurred when \ifx on line 19 was incomplete)
(\end occurred when \ifx on line 19 was incomplete)
(\end occurred when \ifnum on line 19 was incomplete)
(\end occurred when \ifnum on line 18 was incomplete)
(\end occurred when \ifnum on line 18 was incomplete)
(\end occurred when \ifnum on line 18 was incomplete)
(\end occurred when \ifx on line 18 was incomplete)
(\end occurred when \ifx on line 18 was incomplete)
(\end occurred when \ifx on line 18 was incomplete)
(\end occurred when \ifnum on line 18 was incomplete)
(\end occurred when \ifnum on line 17 was incomplete)
(\end occurred when \ifnum on line 17 was incomplete)
(\end occurred when \ifx on line 17 was incomplete)
(\end occurred when \ifx on line 17 was incomplete)
(\end occurred when \ifx on line 17 was incomplete)
(\end occurred when \ifnum on line 17 was incomplete)
(\end occurred when \ifnum on line 16 was incomplete)
(\end occurred when \ifx on line 16 was incomplete)
(\end occurred when \ifx on line 16 was incomplete)
(\end occurred when \ifx on line 16 was incomplete)
(\end occurred when \ifnum on line 16 was incomplete)
(\end occurred when \ifx on line 15 was incomplete)
(\end occurred when \ifx on line 15 was incomplete)
(\end occurred when \ifx on line 15 was incomplete)
(\end occurred when \ifnum on line 15 was incomplete)
(\end occurred when \ifx on line 14 was incomplete)
(\end occurred when \ifx on line 14 was incomplete)
(\end occurred when \ifnum on line 14 was incomplete)
(\end occurred when \ifx on line 13 was incomplete)
(\end occurred when \ifnum on line 13 was incomplete)
(\end occurred when \ifnum on line 12 was incomplete) 
Here is how much of TeX's memory you used:
 48246 strings out of 467168
 980404 string characters out of 5413718
 2075676 words of memory out of 5000000
 76080 multiletter control sequences out of 15000+600000
 722226 words of font info for 103 fonts, out of 8000000 for 9000
 1141 hyphenation exceptions out of 8191
 98i,19n,128p,2969b,2075s stack positions out of 10000i,1000n,20000p,200000b,200000s

Output written on main.dvi (314 pages, 2139356 bytes).
